name,link,cost for 2,cuisines,ratings,reviews,address
"mast mahadev dhaba Restaurant, Ana Sagar Lake",https://www.zomato.com/ajmer/mast-mahadev-dhaba-ana-sagar-lake,s. 300,"Fast Food, North Indian",3.8,79," Vaishali Nagar, Ana Sagar Lake, Ajmer"
"status by silver leaf Restaurant, Ana Sagar Lake",https://www.zomato.com/ajmer/status-by-silver-leaf-ana-sagar-lake,s. 600,North Indian,3.8,58," Opposite City Power House, Jaipur Road, Ana Sagar Lake, Ajmer"
"yummy tummy food zone  Restaurant, Ana Sagar Lake",https://www.zomato.com/ajmer/yummy-tummy-the-food-zone-ana-sagar-lake,s. 100,Fast Food,3.8,37," Near Santoshi Mata Mandir, Opposite Reliance Fresh, Vaishali Nagar, Ajmer"
"gully boy Restaurant, Ana Sagar Lake",https://www.zomato.com/ajmer/gully-boy-ana-sagar-lake,s. 200,"Pizza, Burger, Sandwich, Chinese",3.8,38, Near premprakash ashram opp CR apartment vaishali nagar Ajmer
"lassi shop Restaurant, Hathi Khera",https://www.zomato.com/ajmer/lassi-shop-hathi-khera,s. 150,"Fast Food, Beverages",3.8,49," Shop 14, Opposite Punjab National Bank, Kutchery Road, Rajasthan, Hathi Khera, Ajmer"
"jmd fast food Restaurant, Dhola Bhata Colony",https://www.zomato.com/ajmer/jmd-fast-food-dhola-bhata-colony,s. 100,"Fast Food, Chinese",3.8,45," Near Pani Ki Tanki, Dhola Bhata Road, Dhola Bhata Colony, Ajmer"
"royal kababs currys Restaurant, Dhola Bhata Colony",https://www.zomato.com/ajmer/royal-kababs-currys-dhola-bhata-colony,s. 300,"Mughlai, North Indian",3.8,54," Near Street. Paul School, Nagra, Nasirabad Road, Dhola Bhata Colony, Ajmer"
"jai hind restaurant Restaurant, Railway Quarters ",https://www.zomato.com/ajmer/jai-hind-restaurant-railway-quarters,s. 250,"South Indian, Chinese",3.8,47," Opposite Railway Station, Madar Gate, Railway Quarters Ajmer"
"l r venus cafe Restaurant, Dhola Bhata Colony",https://www.zomato.com/ajmer/l-r-venus-cafe-dhola-bhata-colony,s. 100,Fast Food,3.8,38," Opposite St Pauls School, Mayo Link Road, Alwar Gate Dhola Bhata Colony, Ajmer"
"shri krishna pav bhaji Restaurant, Ana Sagar Lake",https://www.zomato.com/ajmer/shri-krishna-pav-bhaji-ana-sagar-lake,s. 200,"Fast Food, Street Food",3.8,35," Opposite ICICI Bank, Kutchery Road, Ana Sagar Lake, Ajmer"
"uncles cafe Restaurant, Ana Sagar Lake",https://www.zomato.com/ajmer/the-uncles-cafe-ana-sagar-lake,s. 200,"Pizza, Sandwich, Italian, Beverages",3.8,19," Shop G-2, US Chamber, Sagar Vihar Colny, Vaishali Nagar Road, Ana Sagar Lake, Ajmer"
"ujair chicken corner Restaurant, Ana Sagar Lake",https://www.zomato.com/ajmer/ujair-chicken-corner-ana-sagar-lake,"s. 1,000","BBQ, North Indian",3.8,21," 756, 26, Longiya Mohalla, Ana Sagar Lake, Ajmer"
"beach bay Restaurant, Kotra",https://www.zomato.com/ajmer/beach-bay-kotra,s. 200,"Chinese, Continental, North Indian",3.8,29," 1st Floor, Hina Bar & Restaurant, BK Kaul, Near Mittal Hospital, Kotra, Ajmer"
"hot shots Restaurant, Ana Sagar Lake",https://www.zomato.com/ajmer/hot-shots-ana-sagar-lake,"s. 1,500","Chinese, Fast Food",3.8,27," Jhulelal Mandir Ke Saman, Chour Siya Vas Road, Vaishali Nagar, Ana Sagar Lake, Ajmer"
"hotel cross lane Restaurant, Ana Sagar Lake",https://www.zomato.com/ajmer/hotel-cross-lane-ana-sagar-lake,,"North Indian, Continental",3.8,17," 445/10, Near City Power House, Jaipur Road, Ana Sagar Lake, Ajmer"
"chawlas Restaurant, Ana Sagar Lake",https://www.zomato.com/ajmer/chawlas-ana-sagar-lake,s. 300,Biryani,4.0,98," Shop 10, First Floor, Khailand Market, PR Marg, Ana Sagar Lake, Ajmer"
"habibi restaurant Restaurant, Somalpur",https://www.zomato.com/ajmer/habibi-restaurant-somalpur,s. 200,Fast Food,4.0,61," C-212, Chandrawardayi Nagar, Somalpur, Ajmer"
"naya thikana restaurant Restaurant, Ana Sagar Lake",https://www.zomato.com/ajmer/naya-thikana-restaurant-ana-sagar-lake,s. 250,North Indian,4.0,79," Near Bajrang Garh, Ana Sagar Lake, Ajmer"
"shiv mahima rajasthani tadka Restaurant, Ana Sagar Lake",https://www.zomato.com/ajmer/shiv-mahima-rajasthani-tadka-ana-sagar-lake,s. 200,Rajasthani,4.0,78," Near Sheetla Mata Mandir, Amar Plaza, Ana Sagar Lake, Ajmer"
"dynamite delicious Restaurant, Ana Sagar Lake",https://www.zomato.com/ajmer/dynamite-delicious-1-ana-sagar-lake,s. 200,"Burger, Fast Food, Chinese, Beverages",4.0,41," Shop 2, Indra Complex, Gali 2, Baldev Nagar, Makarwali Road, Ana Sagar Lake, Ajmer"
"laxmi confectioners Restaurant, Railway Quarters ",https://www.zomato.com/ajmer/laxmi-confectioners-railway-quarters,s. 150,Mithai,4.0,65," Opposite Railway Station, Near Madar Gate, Railway Quarters Ajmer"
"inbox Restaurant, Pal Bhichala",https://www.zomato.com/ajmer/inbox-pal-bhichala,s. 250,"Fast Food, Burger, Sandwich, Pizza, North Indian, Salad, Continental, Lebanese",3.9,119," Opposite Data In, Srinagar Road, Pal Bhichala, Ajmer"
"crazy tales Restaurant, Ana Sagar Lake",https://www.zomato.com/ajmer/crazy-tales-ana-sagar-lake,s. 500,"Salad, Chinese, Sandwich, Beverages, North Indian, Burger, Desserts, Pizza",3.9,110," Near M.P.S. School, Rati Dang, Ana Sagar Lake, Ajmer"
"kha lo Restaurant, Ana Sagar Lake",https://www.zomato.com/ajmer/kha-lo-ana-sagar-lake,s. 150,"Burger, Beverages, Fast Food, Sandwich, Italian, Pizza, Chinese",3.9,179," Near Janta Colony, Vaishali Nagar, Ana Sagar Lake, Ajmer"
"mamajis chicken point Restaurant, Ana Sagar Lake",https://www.zomato.com/ajmer/mamajis-chicken-point-ana-sagar-lake,s. 450,"North Indian, Roast Chicken, BBQ, Mughlai, Kebab, Awadhi",3.9,127," Behind Rajasthan Opticals, Near Bikaner Mishtaan Bhandaar, Vaishali Nagar,  Ajmer"
"raj thali Restaurant, Adarsh Nagar",https://www.zomato.com/ajmer/raj-thali-adarsh-nagar,s. 150,North Indian,3.9,99," 123 Raj Tiffin Centre, Adarsh Nagar, Ajmer"
"pizzeria by mango masala Restaurant, Ana Sagar Lake",https://www.zomato.com/ajmer/pizzeria-by-mango-masala-ana-sagar-lake,s. 500,"Fast Food, Italian, Beverages",3.9,111, 429/A/11 Vinod Bhawan Kutchery Road
"love cafetaria Restaurant, Ana Sagar Lake",https://www.zomato.com/ajmer/love-cafetaria-ana-sagar-lake,s. 100,"Beverages, South Indian, Fast Food, Sandwich, Pizza, Chinese, Burger",3.9,114," Yadav Complex, Makarwali Road, Vaishali Nagar, Ana Sagar Lake, Ajmer"
"kesar Restaurant, Kotra",https://www.zomato.com/ajmer/kesar-kotra,s. 500,"Mexican, South Indian, Fast Food, Desserts, Italian, North Indian, Chinese, Rajasthani",3.9,96," HBU Nagar, Kotra, Ajmer"
"karims restaurant Restaurant, Pal Bhichala",https://www.zomato.com/ajmer/karims-restaurant-pal-bhichala,s. 500,Mughlai,3.9,101," 2/10, Amlok Bhawan, Opposite Roadways Bus Stand, Jaipur Road, Pal Bhichala, Ajmer"
"js ks family restaurant cafeteria Restaurant, Ana Sagar Lake",https://www.zomato.com/ajmer/js-ks-family-restaurant-cafeteria-ana-sagar-lake,200,"North Indian, Fast Food",3.5,23," Back Side Of Radhe Shree Garden, Near R.R. Fresh Mart, Vaishali Nagar, Near Ana Sagar Lake, Ajmer"
"hfc Restaurant, Ram Ganj",https://www.zomato.com/ajmer/h-f-c-ram-ganj,200,"Fast Food, Chinese",NEW,, Delivery Only
"lobhasta cafe Restaurant, Kotra",https://www.zomato.com/ajmer/lobhasta-cafe-kotra,200,"Fast Food, Beverages",3.5,10," 33, Gyan Vihar Colony, Kotra, Ajmer"
"hoko fast food corner Restaurant, Pal Bhichala",https://www.zomato.com/ajmer/hoko-fast-food-corner-pal-bhichala,150,"Chinese, Fast Food, Pizza, Burger, Sandwich, Beverages",3.5,17," Sri Nagar Road Opposite Union bank, Near Mridang Cinema, Pal Bhichala, Ajmer"
"go green restaurant Restaurant, Ana Sagar Lake",https://www.zomato.com/ajmer/go-green-restaurant-ana-sagar-lake,300,"North Indian, Chinese, Italian, Beverages",3.5,13," Opposite Nagar Nigam, P R Marg, Ana Sagar Lake, Ajmer"
"gullu di bhatti Restaurant, Kundan Nagar",https://www.zomato.com/ajmer/gullu-di-bhatti-kundan-nagar,250,"North Indian, Chinese, Afghan, Kebab",3.5,20," 191/11, Kundan Nagar, Ajmer"
"duas tandoori junction Restaurant, Dhola Bhata Colony",https://www.zomato.com/ajmer/duas-tandoori-junction-dhola-bhata-colony,350,North Indian,3.5,19," Near Indian Overseas Bank, Nagra, Nasirabad Road, Ajmer"
"chamunda restaurant bar Restaurant, Hathi Khera",https://www.zomato.com/ajmer/chamunda-restaurant-and-bar-hathi-khera,400,North Indian,3.5,20," Foy Sagar Road, Hathi Khera, Ajmer"
"devils kitchen Restaurant, Railway Quarters ",https://www.zomato.com/ajmer/devils-kitchen-railway-quarters,200,"Pizza, Burger, Mughlai, BBQ, North Indian, Fast Food",3.5,12," J-29, Gandhi Nagar, Naka Madar, Ajmer"
"shiv shankar juice Restaurant, Ana Sagar Lake",https://www.zomato.com/ajmer/shiv-shankar-juice-ana-sagar-lake,100,"Juices, Beverages",3.5,19," A One Zone, Vaishali Nagar, Ana Sagar Lake, Ajmer"
"havmor ice cream Restaurant, Ana Sagar Lake",https://www.zomato.com/ajmer/havmor-ice-cream-ana-sagar-lake,200,Desserts,3.5,18," Near Swamy Complex, India Motor Circle, Ana Sagar Lake, Ajmer"
"raseela Restaurant, Railway Quarters ",https://www.zomato.com/ajmer/raseela-railway-quarters,150,Drinks Only,3.5,18," 296/6, Sukhadia Nagar, Kesar ganj chauraya, Ajmer, Railway Quarters Ajmer"
"c dreamz fit meals Restaurant, Pal Bhichala",https://www.zomato.com/ajmer/c-dreamz-fit-meals-pal-bhichala,200,Healthy Food,3.5,14," Chruch road,near martindale bridge,ajmer.(rajasthan)"
"jolly cakes bakes Restaurant, Dhola Bhata Colony",https://www.zomato.com/ajmer/jolly-cakes-and-bakes-dhola-bhata-colony,250,"Bakery, Desserts, Fast Food",3.5,14," Parihar House, Near Main Circle, Dhola Bhata Colony, Ajmer"
"balaji bhojanalay Restaurant, Boraj Kazipura",https://www.zomato.com/ajmer/balaji-bhojanalay-boraj-kazipura,300,"North Indian, Fast Food, Beverages",3.5,12," Near Delhi Gate, Dargah Bazaar, Boraj Kazipura, Ajmer"
"rajwadi dhaba Restaurant, Dhola Bhata Colony",https://www.zomato.com/ajmer/rajwadi-dhaba-dhola-bhata-colony,s. 250,North Indian,3.7,19," Main Market, Saraswati Nagar, Ajmer, Dhola Bhata Colony, Ajmer"
"anmol fast food corner Restaurant, Adarsh Nagar",https://www.zomato.com/ajmer/anmol-fast-food-corner-adarsh-nagar,s. 100,Fast Food,3.7,22," Near RC Church, Opposite Shiv Mandir, Nasirabad Road, Adarsh Nagar, Ajmer"
"tom jerry Restaurant, Railway Quarters ",https://www.zomato.com/ajmer/tom-and-jerry-railway-quarters,s. 200,"Desserts, Fast Food",3.7,28," Diggi Bazar, Kesar Ganj, Railway Quarters Ajmer"
"food junction Restaurant, Adarsh Nagar",https://www.zomato.com/ajmer/food-junction-adarsh-nagar,s. 250,"North Indian, Chinese, Burger, Sandwich, Beverages",3.7,19," Near DAV Shatabdi School, Adarsh Nagar, Ajmer"
"shree maan ji chaat bhandar Restaurant, Panchsheel Nagar",https://www.zomato.com/ajmer/shree-maan-ji-chaat-bhandar-panchsheel-nagar,s. 100,Fast Food,3.7,21," Near Santoshi Mata Mandir, Vaishali Nagar, Panchsheel Nagar, Ajmer"
"vrandavan garden restaurant Restaurant, Ana Sagar Lake",https://www.zomato.com/ajmer/vrandavan-garden-restaurant-ana-sagar-lake,s. 450,North Indian,3.7,19," Regional College, Ana Sagar Lake, Ajmer"
"mamta ice breaker Restaurant, Ana Sagar Lake",https://www.zomato.com/ajmer/mamta-ice-breaker-ana-sagar-lake,s. 400,"Pizza, Burger, Chinese, Fast Food, Sandwich, Italian",3.6,97," Near Janta Colony, Vaishali Nagar, Ana Sagar Lake, Ajmer"
"pizza point Restaurant, Railway Quarters ",https://www.zomato.com/ajmer/pizza-point-railway-quarters,s. 250,"Pizza, Fast Food",3.6,99," Diggi Bazar, Kesar Ganj, Railway Quarters Ajmer"
"simple lounge family restaurant Restaurant, Adarsh Nagar",https://www.zomato.com/ajmer/simple-lounge-family-restaurant-adarsh-nagar,s. 300,"Fast Food, North Indian, Chinese",3.6,83," Purani Chungi Chowki, Opposite DAV Centenary School, Nasirabad Road, Ajmer"
"punjabi tadka Restaurant, Ana Sagar Lake",https://www.zomato.com/ajmer/punjabi-tadka-ana-sagar-lake,s. 250,"BBQ, Mughlai, Charcoal Chicken, Kebab, North Indian, Fast Food",3.6,73," 1-K-35, Opposite Badhir Vidyalaya, Janta Colony, Main Road, Vaishali Nagar, Ajmer"
"cafe csm Restaurant, Panchsheel Nagar",https://www.zomato.com/ajmer/cafe-csm-panchsheel-nagar,s. 300,"South Indian, Fast Food, Italian, North Indian, Chinese, Coffee",3.6,57," 2nd Floor, City Square Mall, Panchsheel Nagar, Ajmer"
"meet heights Restaurant, Hathi Khera",https://www.zomato.com/ajmer/meet-heights-hathi-khera,s. 500,"North Indian, Fast Food",3.6,36," Foy Sagar Road, Hathi Khera, Ajmer"
"manojs kake di hatti Restaurant, Dhola Bhata Colony",https://www.zomato.com/ajmer/manojs-kake-di-hatti-dhola-bhata-colony,s. 400,"Fast Food, North Indian, Rajasthani",3.6,63," Near Ajanta Cinema, Dhola Bhata Colony, Ajmer"
"mamta sweets bakes Restaurant, Kotra",https://www.zomato.com/ajmer/mamta-sweets-and-bakes-kotra,s. 200,"South Indian, Fast Food, Desserts, Chinese, Bakery, Mithai",3.6,52," C 5, HBU Nagar, Ajmer, Kotra, Ajmer"
"kha lo non veg Restaurant, Ana Sagar Lake",https://www.zomato.com/ajmer/kha-lo-non-veg-ana-sagar-lake,s. 150,"Fast Food, North Indian, Chinese, Mughlai",3.6,54," Near Hk School, Vaishali Nagar, Ana Sagar Lake, Ajmer"
"pandit restaurant Restaurant, Ana Sagar Lake",https://www.zomato.com/ajmer/pandit-restaurant-ana-sagar-lake,s. 250,"Biryani, North Indian",4.3,100," Near Daulat bagh, Mahaveer Circle"
"chickn express Restaurant, Ana Sagar Lake",https://www.zomato.com/ajmer/chickn-express-ana-sagar-lake,s. 200,"North Indian, Chinese, Pizza, Sandwich, Fast Food",4.2,421," Opposite C 17, Saket Nagar Colony, Makarwali Road, Vaishali Nagar, Ana Sagar Lake, Ajmer"
"7 spices Restaurant, Dhola Bhata Colony",https://www.zomato.com/ajmer/7-spices-dhola-bhata-colony,s. 500,"North Indian, Chinese, Pizza, Biryani",4.2,259," Siddhi Complex, Near Ajanta Cinema, Dhola Bhata Colony, Ajmer"
"cafe ate pm Restaurant, Dhola Bhata Colony",https://www.zomato.com/ajmer/cafe-ate-pm-1-dhola-bhata-colony,s. 300,"Chinese, Cafe, Sandwich, Fast Food, North Indian, Coffee, Desserts, Pizza",4.2,254," Alwar Gate, Opposite to Saint Paul School, Arya Nagar, Dhola Bhata Colony, Ajmer"
"kebabs curries company Restaurant, Ana Sagar Lake",https://www.zomato.com/ajmer/kebabs-curries-company-ana-sagar-lake,s. 750,"North Indian, Chinese, Mughlai, Rolls",4.2,201," Plot No: 106, Gaurav Path, Anasagar Link Road, Near Ana Sagar Lake, Ajmer"
"thali walla Restaurant, Ana Sagar Lake",https://www.zomato.com/ajmer/the-thali-walla-ana-sagar-lake,s. 200,"North Indian, Fast Food",4.2,153," E-87 Shastri nagar, Opp gov. poultry farm,Ajmer "
"shankars chaat Restaurant, Ana Sagar Lake",https://www.zomato.com/ajmer/shankars-chaat-ana-sagar-lake,s. 60,Street Food,4.2,133," Gol Pyau, Akbar Fort, Naya Bazar, Ajmer"
"cafe racer Restaurant, Adarsh Nagar",https://www.zomato.com/ajmer/cafe-racer-adarsh-nagar,s. 250,"Fast Food, Beverages",4.2,104," 7, Opposite Sharma Hospital, Adarsh Nagar, Ajmer"
"guddan ka dhaba Restaurant, Ana Sagar Lake",https://www.zomato.com/ajmer/guddan-ka-dhaba-ana-sagar-lake,s. 300,North Indian,4.1,331," Opposite City Power House, Jaipur Road, Ana Sagar Lake, Ajmer"
"ambrosia restaurant Restaurant, Ana Sagar Lake",https://www.zomato.com/ajmer/ambrosia-restaurant-ana-sagar-lake,s. 600,North Indian,4.1,132," Hotel Ambrosia, Nagina Bagh"
"big bunny Restaurant, Adarsh Nagar",https://www.zomato.com/ajmer/the-big-bunny-adarsh-nagar,s. 300,"Fast Food, North Indian, Pizza, Beverages",4.1,212," Old Satalite Hospital Road, Adarsh Nagar, Ajmer"
"mamta sweets Restaurant, Ana Sagar Lake",https://www.zomato.com/ajmer/mamta-sweets-ana-sagar-lake,s. 400,"Pizza, Burger, Chinese, Fast Food, Sandwich, Italian",4.1,148," Janta Colony, Vaishali Nagar, Ana Sagar Lake, Ajmer"
"jaipur jungle Restaurant, Ana Sagar Lake",https://www.zomato.com/ajmer/jaipur-jungle-ana-sagar-lake,s. 600,"Continental, Burger, Beverages, Fast Food, Italian, North Indian, Chinese, Rajasthani",4.1,143," Sixth Floor, Shrinath Mall, Near Bajrang Garh, Ana Sagar Lake, Ajmer"
"krishna family dhaba Restaurant, Ram Ganj",https://www.zomato.com/ajmer/krishna-family-dhaba-1-ram-ganj,s. 500,"Fast Food, North Indian, Chinese, Rajasthani",4.1,142," 3rd Floor Gupta Tower, Jacob Village, Ram Ganj, Ajmer"
"subway Restaurant, Ana Sagar Lake",https://www.zomato.com/ajmer/subway-ana-sagar-lake,s. 500,"Fast Food, Healthy Food, Sandwich, Salad",4.1,142," Ana Sagar Road, Gurukripa Building, Mali Mohalla, Ana Sagar Lake, Ajmer"
"vaishnav chaat bhandar Restaurant, Ana Sagar Lake",https://www.zomato.com/ajmer/vaishnav-chaat-bhandar-ana-sagar-lake,s. 100,Fast Food,3.5,12," 19/24, Jiyalal Marg, Gol Chakkar, Kesarganj, Ana Sagar Lake, Ajmer"
"ice cream works Restaurant, Ana Sagar Lake",https://www.zomato.com/ajmer/ice-cream-works-ana-sagar-lake,s. 200,"Desserts, Ice Cream, Beverages",3.5,9," 6, Ana Sagar Link Rd, Mali Mohalla, Ajmer, Rajasthan 305001"
"ashu sweets Restaurant, Ram Ganj",https://www.zomato.com/ajmer/ashu-sweets-1-ram-ganj,s. 250,"Mithai, Bakery, Fast Food",3.4,24," Purani Chungi Chowki, Chandra Nagar, Bewar Road, Ram Ganj, Ajmer"
"chaat chatore Restaurant, Ana Sagar Lake",https://www.zomato.com/ajmer/chaat-chatore-1-ana-sagar-lake,s. 100,"Fast Food, Cafe, Pizza, Street Food",3.4,79," Shop 5, Near Suchna Kendra, Ana Sagar Lake, Ajmer"
"manojs kake di hatti Restaurant, Ana Sagar Lake",https://www.zomato.com/ajmer/manojs-kake-di-hatti-ana-sagar-lake,s. 200,"North Indian, Rajasthani",3.4,53," Near Sagar Vihar Colony, Vaishali Nagar, Ana Sagar Lake, Ajmer"
"uncle anus kitchen Restaurant, Adarsh Nagar",https://www.zomato.com/ajmer/uncle-anus-kitchen-adarsh-nagar,s. 150,"Chinese, Burger, Sandwich",3.4,38," Opposite Reliance Fresh, Chandar Nagar, Beawar Road, Adarsh Nagar, Ajmer"
"satguru confectioners bakers Restaurant, Ram Ganj",https://www.zomato.com/ajmer/satguru-confectioners-and-bakers-ram-ganj,s. 300,"Bakery, Fast Food",3.4,17," Beawar Road, Ram Ganj, Ajmer"
"cafe coffee time Restaurant, Ana Sagar Lake",https://www.zomato.com/ajmer/cafe-coffee-time-ana-sagar-lake,s. 250,"BBQ, Chinese, Cafe, Roast Chicken, Beverages, North Indian, Burger, Pizza",3.4,30," Near Fire Brigade Circle, Niti Marg, Ana Sagar Lake, Ajmer"
"spiceum Restaurant, Panchsheel Nagar",https://www.zomato.com/ajmer/spiceum-panchsheel-nagar,s. 200,"Ice Cream, Fast Food",3.4,24," A block, City square mall, Panchseel, Panchsheel Nagar, Ajmer"
"maharajas restaurant Restaurant, Adarsh Nagar",https://www.zomato.com/ajmer/maharajas-restaurant-adarsh-nagar,s. 300,North Indian,3.4,28," Opposite Birla City Water Park, National Highway 8, Parbatpura Byepass, Adarsh Nagar, Ajmer"
"budan uncle Restaurant, Ana Sagar Lake",https://www.zomato.com/ajmer/budan-uncle-ana-sagar-lake,s. 250,"Cafe, Fast Food",3.4,16," K-105, ASC Road, Ana Sagar Lake, Ajmer"
"royal bakers Restaurant, Ram Ganj",https://www.zomato.com/ajmer/royal-bakers-ram-ganj,s. 200,"Bakery, Fast Food",3.4,26," Opposite Doctor Khungar, Nearby Durga Temple, Ram Ganj, Ajmer"
"curry spices Restaurant, Ana Sagar Lake",https://www.zomato.com/ajmer/the-curry-and-spices-ana-sagar-lake,s. 250,"North Indian, Fast Food",3.4,29," 5 K 6, Ana Sagar Circular Road, Ana Sagar Lake, Ajmer"
"khandelwal sweets caterers Restaurant, Railway Quarters ",https://www.zomato.com/ajmer/khandelwal-sweets-caterers-railway-quarters,s. 150,"Street Food, Beverages, Mithai",3.4,21," Cavandaspura, Madar Gate, Railway Quarters Ajmer"
"foodways Restaurant, Kotra",https://www.zomato.com/ajmer/foodways-kotra,s. 150,"Fast Food, North Indian, Chinese, Mughlai, Rolls",3.4,24," Opposite Regional College, Near New Ana Sagar Choupati Vishali Nagar Ajmer, Kotra, Ajmer"
"midtown grill Restaurant, Ana Sagar Lake",https://www.zomato.com/ajmer/midtown-grill-ana-sagar-lake,600,"North Indian, Chinese",3.5,43," 2nd Floor, Opposite Suchna Kendra, Jaipur Road, Ana Sagar Lake, Ajmer"
"manojs kake de hatti Restaurant, Ana Sagar Lake",https://www.zomato.com/ajmer/manojs-kake-de-hatti-ana-sagar-lake,400,"North Indian, Chinese, Pizza, Fast Food",3.5,76," India Motor Circle, Kutchery Road, Ana Sagar Lake, Ajmer"
"shambys cafe Restaurant, Ana Sagar Lake",https://www.zomato.com/ajmer/shambys-cafe-ana-sagar-lake,200,"South Indian, Fast Food, Cafe, Pizza, Chinese, Coffee",3.5,69," M Square, Vaishali Nagar, Ana Sagar Lake, Ajmer"
"royal spice Restaurant, Ana Sagar Lake",https://www.zomato.com/ajmer/royal-spice-ana-sagar-lake,600,"North Indian, Chinese, Fast Food, Beverages",3.5,59," 4th Floor, Kamleshwaram,Above Liberty Showroom,Vaishali Nagar, Ajmer"
"swad restaurant Restaurant, Railway Quarters ",https://www.zomato.com/ajmer/swad-restaurant-railway-quarters,500,"North Indian, Chinese",3.5,49," Madar Gate Road, Opposite Railway Station, Parao, Railway Quarters Ajmer"
"roll express Restaurant, Dhola Bhata Colony",https://www.zomato.com/ajmer/roll-express-dhola-bhata-colony,300,Rolls,3.5,48," Shri Nagar Road, Dhola Bhata Colony, Ajmer"
"shree bhomji misthan bhandar Restaurant, Ana Sagar Lake",https://www.zomato.com/ajmer/shree-bhomji-misthan-bhandar-ana-sagar-lake,150,"Mithai, Street Food",3.5,41," Opposite Suchna Kendra, Ana Sagar Lake, Ajmer"
"cafe cave Restaurant, Kotra",https://www.zomato.com/ajmer/cafe-cave-kotra,350,Cafe,3.5,34," C141/142, BK Kaul Nagar, Kotra, Ajmer"
"sarveshwar vaishnav dhaba Restaurant, Pal Bhichala",https://www.zomato.com/ajmer/sarveshwar-vaishnav-dhaba-pal-bhichala,150,North Indian,3.5,30," Opposite Roadways Bus Stand, Jaipur Road, Pal Bhichala, Ajmer"
"talaash e zaika Restaurant, Ana Sagar Lake",https://www.zomato.com/ajmer/talaash-e-zaika-ana-sagar-lake,200,North Indian,3.5,13," 23/ 20 B, Gulmohar Colony, Vaishali Nagar, Near Nikki Aerobics, Ana Sagar Lake, Ajmer"
"baba soya chaap Restaurant, Ana Sagar Lake",https://www.zomato.com/ajmer/baba-soya-chaap-ana-sagar-lake,150,Fast Food,3.5,26," Opposite Gupta General Store, Vaishali Nagar Ajmer, Ana Sagar Lake, Ajmer"
"real chinese Restaurant, Kotra",https://www.zomato.com/ajmer/real-chinese-kotra,200,"Chinese, Fast Food",3.5,31," HBU Nagar, Kotra, Ajmer"
"twist wheels Restaurant, Ana Sagar Lake",https://www.zomato.com/ajmer/twist-on-wheels-ana-sagar-lake,200,Fast Food,3.5,22," Near Vrindavan Restaurant, new ana sagar lake ajmer, Ana Sagar Lake, Ajmer"
"burger express Restaurant, Ana Sagar Lake",https://www.zomato.com/ajmer/burger-express-ana-sagar-lake,300,"Burger, Fast Food, Beverages",3.5,33," Makharwaadi Terai, Vaishali Nagar, Ana Sagar Lake, Ajmer"
"feast basket Restaurant, Ana Sagar Lake",https://www.zomato.com/ajmer/feast-basket-ana-sagar-lake,250,"Fast Food, Beverages",3.5,11," 10/57, Arogya Bhawan, Civil Line, Ana Sagar Lake, Ajmer"
"aroma luxury veg nonveg restaurant Restaurant, Somalpur",https://www.zomato.com/ajmer/aroma-luxury-veg-and-nonveg-restaurant-somalpur,300,"North Indian, Fast Food, Chinese, Beverages",3.3,12," Plot 3, Opposite Stadium, Chandravardai Nagar, Somalpur, Ajmer"
"india pan Restaurant, Ana Sagar Lake",https://www.zomato.com/ajmer/india-pan-ana-sagar-lake,100,Paan,3.3,8," 1-K-22, Janta Colony, Vailshali Nagar, Ana Sagar Lake, Ajmer"
"kc inn restaurant Restaurant, Ana Sagar Lake",https://www.zomato.com/ajmer/kc-inn-restaurant-ana-sagar-lake,600,"Continental, South Indian, Desserts, North Indian, Chinese",3.3,14," Opposite City Power House, Jaipur Road, Ana Sagar Lake, Ajmer"
"tfcs paratha rolls Restaurant, Dhola Bhata Colony",https://www.zomato.com/ajmer/tfcs-paratha-rolls-dhola-bhata-colony,150,"Rolls, Fast Food",3.3,10," 622/16, Kamla Bhawan, Opposite Laleshwar Shiv Temple, Chuna Bhatta Road, Topdara, Dhola Bhata Colony, Ajmer"
"kitchen magic Restaurant, Dhola Bhata Colony",https://www.zomato.com/ajmer/kitchen-magic-dhola-bhata-colony,400,"North Indian, Biryani",3.3,13," Near Street. Mary'South Convent School, Dhola Bhata Colony, Ajmer"
"vijay bakers confectioners Restaurant, Railway Quarters ",https://www.zomato.com/ajmer/vijay-bakers-confectioners-railway-quarters,300,"Bakery, Fast Food",3.3,10," Near New Majestic Cinema, Kamandas Parao, Ajmer, Rajasthan"
"kesari square Restaurant, Dhola Bhata Colony",https://www.zomato.com/ajmer/the-kesari-square-dhola-bhata-colony,250,Fast Food,3.3,9," Behind Mayo College, East Point Road, Near Welcome Shoes Shop, Dhola Bhata Colony, Ajmer"
"funduz cafe Restaurant, Adarsh Nagar",https://www.zomato.com/ajmer/funduz-cafe-adarsh-nagar,300,"Fast Food, Sandwich, Burger, Wraps",3.3,9," N.H. 8, Shop No 1, Khasra No 627/1, Badliya Crossing, Ajmer"
"anant cafe restra Restaurant, Ana Sagar Lake",https://www.zomato.com/ajmer/anant-cafe-and-restra-ana-sagar-lake,200,"North Indian, Fast Food, Chinese, Beverages",3.3,9," Near Advait Ashram, Ramnagar, Pushkar Road, Ana Sagar Lake, Ajmer"
"vijay bakery Restaurant, Ana Sagar Lake",https://www.zomato.com/ajmer/vijay-bakery-ana-sagar-lake,200,"Fast Food, Desserts, Bakery",3.3,12," Near Swamy Complex, India Motor Circle, Ana Sagar Lake, Ajmer"
"kebab village by new majestic Restaurant, Railway Quarters ",https://www.zomato.com/ajmer/the-kebab-village-by-new-majestic-railway-quarters,250,North Indian,3.3,12," Opposite Railway Station, Dargah Road, Kavanduspura, Railway Quarters Ajmer"
"cafe pubg Restaurant, Kotra",https://www.zomato.com/ajmer/cafe-pubg-kotra,400,"Burger, Fast Food, Sandwich, Italian, Chinese",3.3,10," Nausar ghati, Pushkar road, Ajmer, Kotra, Ajmer"
"balaji midtown goodies Restaurant, Ana Sagar Lake",https://www.zomato.com/ajmer/balaji-midtown-goodies-ana-sagar-lake,150,"Italian, Fast Food, Chinese, North Indian",3.3,9," 711/1, Anand Nagar, Vikas Puri, Vaishali Nagar, Ana Sagar Lake, Ajmer"
"sneh cakes bakes Restaurant, Kotra",https://www.zomato.com/ajmer/sneh-cakes-bakes-kotra,300,Bakery,3.3,8," 1103, Near Kalpatru Udhyan, Kotra, Ajmer"
"bhutia halwai Restaurant, Dhola Bhata Colony",https://www.zomato.com/ajmer/bhutia-halwai-dhola-bhata-colony,300,Mithai,3.3,11," Nasirabad Road, Near St. Merry's Convent School, Alwar Gate, Dhola Bhata Colony, Ajmer"
"kingsway restaurant Restaurant, Railway Quarters ",https://www.zomato.com/ajmer/kingsway-restaurant-railway-quarters,"1,200",Afghan,3.1,4," Near Hanuman Halwai, Laxmi Chowk, Railway Quarters Ajmer"
"old bhola ka dhaba Restaurant, Ana Sagar Lake",https://www.zomato.com/ajmer/old-bhola-ka-dhaba-ana-sagar-lake,150,North Indian,3.1,10," Agra Gate, Opposite Sabzi Mandi, Ana Sagar Lake, Ajmer"
"madina restaurant Restaurant, Boraj Kazipura",https://www.zomato.com/ajmer/madina-restaurant-boraj-kazipura,200,North Indian,3.1,12," Dhan Mandi, Dargah Bazaar, Boraj Kazipura, Ajmer"
"sufi hotel Restaurant, Boraj Kazipura",https://www.zomato.com/ajmer/sufi-hotel-boraj-kazipura,150,Biryani,3.1,12," Chistia Market, Dargah Sharif, Boraj Kazipura, Ajmer"
"janta nastha Restaurant, Ram Ganj",https://www.zomato.com/ajmer/janta-nastha-ram-ganj,100,Street Food,3.1,6," Ward 23, Taragarh Road, Near Chandra Vardai Nagar, Ram Ganj, Ajmer"
"mast banarasi paan Restaurant, Adarsh Nagar",https://www.zomato.com/ajmer/mast-banarasi-paan-adarsh-nagar,200,Paan,3.1,6," Opposite Mukund Garden, Nasirabad Road, Adarsh Nagar, Ajmer"
"bhabhi ji ki rasoi Restaurant, Dhola Bhata Colony",https://www.zomato.com/ajmer/bhabhi-ji-ki-rasoi-dhola-bhata-colony,250,North Indian,3.1,7," Opposite Railway Station, Dhola Bhata Colony, Ajmer"
"shri vaibhav laxmi bhojnalaya Restaurant, Police Lines",https://www.zomato.com/ajmer/shri-vaibhav-laxmi-bhojnalaya-police-lines,200,North Indian,3.1,7," Pilot 2951 To 2954, Basant Vihar Colony, Naya Bada, Police Lines, Ajmer"
"black box Restaurant, Kotra",https://www.zomato.com/ajmer/black-box-kotra,500,"North Indian, Chinese, Italian",3.1,5," 43 & 44, 2nd Floor, BK Kaul, Dayanand Colony, Pushkar Road, Kotra, Ajmer"
"masala kitchen Restaurant, Ana Sagar Lake",https://www.zomato.com/ajmer/masala-kitchen-ana-sagar-lake,200,North Indian,3.1,7," Dwarka nagar gali no. 2 chorsiyawas road Ajmer, Ana Sagar Lake, Ajmer"
"jethana Restaurant, Adarsh Nagar",https://www.zomato.com/ajmer/jethana-adarsh-nagar,500,"Rajasthani, Fast Food",3.1,4," 518/41, Angira Nagar, Bhajan Ganj, Adarsh Nagar, Ajmer"
"chinese thai kitchen Restaurant, Ana Sagar Lake",https://www.zomato.com/ajmer/the-chinese-thai-kitchen-ana-sagar-lake,400,"Chinese, Thai",3.1,4," Opp. HDFC Bank, Vaishali Nagar, Ajmer, Ajmer, Ajmer"
"sada adda Restaurant, Ana Sagar Lake",https://www.zomato.com/ajmer/sada-adda-ana-sagar-lake,200,Chinese,3.1,7," Opposite Avinash Maheshwari School, Ajay Nagar Road, Bhagwan Ganj, Ajmer, Ana Sagar Lake, Ajmer"
"hotel e saba Restaurant, Railway Quarters ",https://www.zomato.com/ajmer/hotel-e-saba-railway-quarters,300,"North Indian, Chinese",3.1,7," Opposite HMT Factory, Bewar Road, Ajmer"
"paisa vasool fast food restaurant Restaurant, Ana Sagar Lake",https://www.zomato.com/ajmer/paisa-vasool-fast-food-restaurant-ana-sagar-lake,300,Fast Food,3.1,4," Shop 6,Navjyoti Press Wali Gali, Masuda Building, Babu Mohalla, Kaiser Ganj, Ajmer"
"recharge cafe Restaurant, Panchsheel Nagar",https://www.zomato.com/ajmer/recharge-cafe-1-panchsheel-nagar,300,"Beverages, Burger, Cafe, Chinese, Coffee, Fast Food, Hot dogs, Pizza",3.1,7," Opposite city square mall, Panchsheel, Ajmer, Panchsheel Nagar, Ajmer"
"2nd home Restaurant, Kotra",https://www.zomato.com/ajmer/2nd-home-kotra,300,"Fast Food, Indian, North Indian, Street Food",3.1,22," Opposite Hotel Dev Plaza, Near Mittal Hospital, Pushkar Road, Kotra, Ajmer"
"elite family restaurant Restaurant, Boraj Kazipura",https://www.zomato.com/ajmer/elite-family-restaurant-boraj-kazipura,750,"North Indian, Pizza, South Indian",3.1,13," Parav, Near New Majestic Cinema Road, Ajmer, Boraj Kazipura, Ajmer"
"bambaiya vada pav Restaurant, Dhola Bhata Colony",https://www.zomato.com/ajmer/bambaiya-vada-pav-dhola-bhata-colony,250,"Street Food, Pizza, Sandwich, Burger",3.1,16," Raja Circle Chouraha, Shri Nagar Road, Dhola Bhata Colony, Ajmer"
"samy restaurant Restaurant, Pal Bhichala",https://www.zomato.com/ajmer/samy-restaurant-pal-bhichala,150,"Fast Food, North Indian, Chinese, Rolls",3.1,12," Opposite Bus Stand, Pal Bhichala, Ajmer"
"shakes more Restaurant, Ana Sagar Lake",https://www.zomato.com/ajmer/shakes-and-more-ana-sagar-lake,150,Beverages,3.1,4," Near Punjab National Bank, Kutchery Road, Ana Sagar Lake, Ajmer"
"madras cafe Restaurant, Pal Bhichala",https://www.zomato.com/ajmer/madras-cafe-pal-bhichala,200,South Indian,3.1,13," Behind Tejsav Furniture, Mission Compound, Near Roadways Bus Stand, Pal Bhichala, Ajmer"
"lemon balm Restaurant, Panchsheel Nagar",https://www.zomato.com/ajmer/lemon-balm-2-panchsheel-nagar,200,North Indian,3.1,14," Vinayak Complex, 23-B Block, Rooftop Hotel Panchsheel, Panchsheel Nagar, Ajmer"
"khichdi co Restaurant, Ana Sagar Lake",https://www.zomato.com/ajmer/khichdi-co-ana-sagar-lake,100,North Indian,3.1,6," Near M.P.S. School, Rati Dang, Ana Sagar Lake, Ajmer"
"shri krishna pav bhaji Restaurant, Kundan Nagar",https://www.zomato.com/ajmer/shri-krishna-pav-bhaji-kundan-nagar,200,Street Food,3.1,13," Swami Complex, Near SBI Bank, Suchna Kendra Road, Hathi Bhata, Near Kundan Nagar, Ajmer"
"desi vibes Restaurant, Adarsh Nagar",https://www.zomato.com/ajmer/desi-vibes-adarsh-nagar,400,Fast Food,3.1,6," HP Petrol Pump, Nasirabad Road, Near Adarsh Nagar, Ajmer"
"sports bar Restaurant, Adarsh Nagar",https://www.zomato.com/ajmer/sports-bar-adarsh-nagar,200,North Indian,3.1,11," Near Navjivan Hospital, Adarsh Nagar, Ajmer"
"darbar restaurant Restaurant, Panchsheel Nagar",https://www.zomato.com/ajmer/darbar-restaurant-panchsheel-nagar,150,"North Indian, Kebab",3.1,9," Plot 1, Khasra 441, Makarwali Road, Panchsheel Nagar, Ajmer"
"hotel noor islam Restaurant, Boraj Kazipura",https://www.zomato.com/ajmer/hotel-noor-islam-boraj-kazipura,150,Mughlai,3.1,12," Gali Langar Khaana, Boraj Kazipura, Ajmer"
"punjabi paratha house Restaurant, Adarsh Nagar",https://www.zomato.com/ajmer/punjabi-paratha-house-adarsh-nagar,,North Indian,3.1,7," 1346-34, Saint Mary Convent School, Alwar Gate, Adarsh Nagar, Ajmer"
"ramesh sweets namkeen Restaurant, Adarsh Nagar",https://www.zomato.com/ajmer/ramesh-sweets-and-namkeen-adarsh-nagar,150,"Mithai, Fast Food, Street Food",3.4,15," Opposite Parbatpura Industrial Area, Nasirabad Road, Near SBI Bank, Adarsh Nagar, Ajmer"
"ajmer food express Restaurant, Ana Sagar Lake",https://www.zomato.com/ajmer/ajmer-food-express-ana-sagar-lake,400,"North Indian, Fast Food",3.4,10," 17-C, Makarwali Road, Ana Sagar Lake, Ajmer"
"courtyard kitchen Restaurant, Police Lines",https://www.zomato.com/ajmer/courtyard-kitchen-police-lines,"1,000","North Indian, Chinese, Fast Food, Beverages",3.4,13," Near SBB & J Bank, Lohagal Road, Police Lines, Ajmer"
"yummy food corner Restaurant, Adarsh Nagar",https://www.zomato.com/ajmer/yummy-food-corner-1-adarsh-nagar,400,"Fast Food, North Indian",3.4,22," Opposite Railway power house, Nagra, Adarsh Nagar, Ajmer"
"shri shyam dosa corner Restaurant, Hathi Khera",https://www.zomato.com/ajmer/shri-shyam-dosa-corner-hathi-khera,250,"South Indian, Fast Food",3.4,19," Cine World Road, Real Chinese Ke Pass, Hathi Khera, Ajmer"
"cake corner Restaurant, Dhola Bhata Colony",https://www.zomato.com/ajmer/the-cake-corner-dhola-bhata-colony,250,Desserts,3.4,11," 412/46, Near M.P. Auto, Shri Nagar Road, Dhola Bhata Colony, Ajmer"
"deepak restaurant Restaurant, Ana Sagar Lake",https://www.zomato.com/ajmer/deepak-restaurant-ana-sagar-lake,400,"Fast Food, North Indian, Chinese",3.4,16," 9/141 Dr Nc Wali Gali, Near Soni Ji Ki Nasiya, Agara Gate"
"mamta cakes bakes Restaurant, Panchsheel Nagar",https://www.zomato.com/ajmer/mamta-cakes-bakes-panchsheel-nagar,400,"Fast Food, Bakery",3.4,19," Yadav Complex, Vaishali Nagar, Panchsheel Nagar, Ajmer"
"foodies nite cafe Restaurant, Pal Bhichala",https://www.zomato.com/ajmer/foodies-the-nite-cafe-pal-bhichala,250,"Italian, South Indian, Chinese, Beverages",3.4,13," E-138, Shastri Nagar, Pal Bhichala, Ajmer"
"bunty fast food Restaurant, Kotra",https://www.zomato.com/ajmer/bunty-fast-food-kotra,150,Fast Food,3.4,20," Pancholi chauraya, Kotra, ajmer"
"food farm Restaurant, Kundan Nagar",https://www.zomato.com/ajmer/the-food-farm-kundan-nagar,300,Fast Food,3.4,13," Near Water Pump House, Naka Madar Colony, Ekta Nagar, Gulab Bari, Kundan Nagar, Ajmer"
"chilli charly food point Restaurant, Panchsheel Nagar",https://www.zomato.com/ajmer/chilli-charly-food-point-panchsheel-nagar,150,Fast Food,3.4,13," Opposite City square mall, rajiv circle, panchsheel, Ajmer, Panchsheel Nagar, Ajmer"
"laxmi bhojanalaya Restaurant, Railway Quarters ",https://www.zomato.com/ajmer/laxmi-bhojanalaya-railway-quarters,300,"North Indian, Salad",3.4,16," Opposite Railway Station, Madar Gate, Railway Quarters, Ajmer"
"kings chiken corner Restaurant, Panchsheel Nagar",https://www.zomato.com/ajmer/kings-chiken-corner-panchsheel-nagar,300,North Indian,3.4,10," Shop 4, Cristianganj, Vaishali Nagar, Opposite Cine Mall, Near Panchsheel Nagar, Ajmer"
"sindh delicacies Restaurant, Ana Sagar Lake",https://www.zomato.com/ajmer/sindh-delicacies-ana-sagar-lake,250,North Indian,NEW,, Delivery Only
"chatkaraa Restaurant, Adarsh Nagar",https://www.zomato.com/ajmer/chatkaraa-adarsh-nagar,300,North Indian,3.9,97," Near SBI Bank, Opposite Balu Pura Road, Nasirabaad Road, Adarsh Nagar, Ajmer"
"striker Restaurant, Panchsheel Nagar",https://www.zomato.com/ajmer/striker-panchsheel-nagar,250,"Fast Food, North Indian",3.9,81," B 288, First Floor, Near Vinayak Complex, Panchsheel Nagar, Ajmer"
"one fast food pizza point Restaurant, Ana Sagar Lake",https://www.zomato.com/ajmer/a-one-fast-food-pizza-point-ana-sagar-lake,150,"Street Food, Fast Food, Sandwich, Pizza, Chinese, Momos, Coffee",3.9,103," Opposite Urban Haat, Vaishali Nagar, Ana Sagar Lake, Ajmer"
"fyi Restaurant, Ana Sagar Lake",https://www.zomato.com/ajmer/fyi-ana-sagar-lake,200,Fast Food,3.9,81," 398/10, Vega The Mall, 2nd Floor Agarsen Circle, Ana Sagar Lake, Ajmer"
"fry hood Restaurant, Ana Sagar Lake",https://www.zomato.com/ajmer/fry-hood-ana-sagar-lake,200,"Pizza, Burger, Chinese",3.9,60," Shop 4, Yadav Complex, Makarwali Road, Vaishali Nagar, Ana Sagar Lake, Ajmer"
"balaji juice Restaurant, Ana Sagar Lake",https://www.zomato.com/ajmer/balaji-juice-ana-sagar-lake,100,Beverages,3.9,74," Agra Gate, Opposite Sabzi Mandi, Ana Sagar Lake, Ajmer"
"dhanna kachori vaishali Restaurant, Ana Sagar Lake",https://www.zomato.com/ajmer/dhanna-kachori-vaishali-ana-sagar-lake,100,Fast Food,3.9,57," Shop 7, Chaurasiyawas Road, Mahadev Bhanwan, Ana Sagar Lake, Ajmer"
"ghar ka swad Restaurant, Ana Sagar Lake",https://www.zomato.com/ajmer/ghar-ka-swad-ana-sagar-lake,200,"North Indian, Fast Food",3.9,35," 257/1,Robert Compound,Christian Ganj,Ajmer"
"london shakes Restaurant, Ana Sagar Lake",https://www.zomato.com/ajmer/the-london-shakes-1-ana-sagar-lake,300,"Chinese, Beverages, Fast Food",3.9,59," Near Prem Prakash Ashram, Gandhi Nagar, gali no.1, Chorsiyavas Road, Vaishali Nagar, Ajmer."
"balaji soya chaap Restaurant, Kotra",https://www.zomato.com/ajmer/balaji-soya-chaap-kotra,150,Street Food,3.9,38," S-3, Haribhau Updhayay Nagar Main, Ajmer, Rajasthan"
"cafe coffee day Restaurant, Ana Sagar Lake",https://www.zomato.com/ajmer/cafe-coffee-day-ana-sagar-lake,300,"Beverages, Cafe, Sandwich, Fast Food, Desserts",3.9,50," Cinemall, Vaishali Nagar, Ana Sagar Lake, Ajmer"
"ammo hammo Restaurant, Ram Ganj",https://www.zomato.com/ajmer/ammo-hammo-ram-ganj,150,"Fast Food, Beverages",3.9,36," 541/22, Lane 4, New Govind Nagar, Ram Ganj, Ajmer"
"khokha Restaurant, Ana Sagar Lake",https://www.zomato.com/ajmer/khokha-ana-sagar-lake,600,"North Indian, Fast Food, Beverages",3.8,183," Opposite Reliance Fresh, Ana Sagar Lake, Ajmer"
"bambaiya vada paw Restaurant, Ana Sagar Lake",https://www.zomato.com/ajmer/bambaiya-vada-paw-ana-sagar-lake,150,"Fast Food, Italian, Chinese",3.8,120," Opposite PNB Bank,Kutchery Road,Ajmer"
"pehli manzil Restaurant, Railway Quarters ",https://www.zomato.com/ajmer/pehli-manzil-railway-quarters,300,"Continental, Biryani, Beverages, South Indian, Italian, North Indian, Chinese, Rajasthani",3.8,60," Hotel Ajmer Inn, Churi Bazar, Railway Quarters Ajmer"
"velvet hotel restaurant Restaurant, Ana Sagar Lake",https://www.zomato.com/ajmer/velvet-hotel-and-restaurant-ana-sagar-lake,300,"North Indian, Chinese, Fast Food",3.2,5," 2/ 261, Outside Delhi Gate, Ana Sagar Lake, Ajmer"
"silver foil food junction Restaurant, Ana Sagar Lake",https://www.zomato.com/ajmer/silver-foil-food-junction-ana-sagar-lake,300,"Pizza, Burger, Chinese, Fast Food",3.2,7," Opposite Amar Plaza, Private Bus Stand, Subhash Udhyan, Ana Sagar Lake, Ajmer"
"gopal fast food Restaurant, Ana Sagar Lake",https://www.zomato.com/ajmer/gopal-fast-food-ana-sagar-lake,100,Fast Food,3.2,5," Near Bajrang Garh, Ana Sagar Lake, Ajmer"
"brew mech cafe Restaurant, Adarsh Nagar",https://www.zomato.com/ajmer/brew-mech-cafe-adarsh-nagar,300,"Pizza, Burger, Sandwich, Beverages",3.2,6," A5, Ground Floor, Near Prerna Girls Hostel, Shalimar Colony, Adarsh Nagar, Ajmer"
"shri devnarayan sweets Restaurant, Adarsh Nagar",https://www.zomato.com/ajmer/shri-devnarayan-sweets-adarsh-nagar,100,"Indian, Mithai",3.2,6," Chungi Naka Madar, Power House Road, Ajmer"
"manuhar ri thali Restaurant, Dhola Bhata Colony",https://www.zomato.com/ajmer/manuhar-ri-thali-dhola-bhata-colony,300,"North Indian, Chinese",3.2,5," 622/16, Kamla Bhawan, Opposite Laleshwar Shiv Temple, Chuna Bhatta Road, Topdara, Dhola Bhata Colony, Ajmer"
"pinch spaces Restaurant, Gaddi Malian",https://www.zomato.com/ajmer/pinch-of-spaces-gaddi-malian,250,"Pizza, Italian, Chinese, Burger, Sandwich",3.2,7," 772/13, Tower Road, Subhash Nagar, Gaddi Malian, Ajmer"
"kohinoor hotel Restaurant, Ana Sagar Lake",https://www.zomato.com/ajmer/kohinoor-hotel-ana-sagar-lake,300,North Indian,3.2,5," Opposite Main Gate Of Idgah Colony, Ana Sagar Lake, Ajmer"
"man vs food Restaurant, Kundan Nagar",https://www.zomato.com/ajmer/man-v-s-food-kundan-nagar,300,North Indian,3.2,6," Kundan Nagar Chauraha, Kundan Nagar, Ajmer"
"kanchas restaurant Restaurant, Kotra",https://www.zomato.com/ajmer/kanchas-restaurant-kotra,200,North Indian,3.2,5," Opposite Regional Institute Of Education, Pushkar Road, Kotra, Ajmer"
"foodie hub Restaurant, Kotra",https://www.zomato.com/ajmer/foodie-hub-kotra,200,"Burger, Fast Food",3.2,6, Delivery Only
"arora non veg Restaurant, Ram Ganj",https://www.zomato.com/ajmer/arora-non-veg-ram-ganj,250,North Indian,3.2,7," Gali Number 58, New Govind Nagar, Ram Ganj, Ajmer"
"hotel ajmer tower Restaurant, Ana Sagar Lake",https://www.zomato.com/ajmer/hotel-ajmer-tower-ana-sagar-lake,"1,200","North Indian, South Indian, Bar Food",3.2,5," 3rd Floor, Kutchery Road, Near Gandhi Bhawan, Ana Sagar Lake, Ajmer"
"bhagat pan bhandar Restaurant, Railway Quarters ",https://www.zomato.com/ajmer/bhagat-pan-bhandar-railway-quarters,100,Paan,3.2,4," Near Mamta Sweets, Janta Colony, Vaishali Nagar, Ajmer"
"swami foods bakers Restaurant, Ana Sagar Lake",https://www.zomato.com/ajmer/swami-foods-bakers-ana-sagar-lake,300,Bakery,3.1,39," Indian Motor Circle, Ana Sagar Lake, Ajmer"
"mughal tadka Restaurant, Pal Bhichala",https://www.zomato.com/ajmer/mughal-tadka-pal-bhichala,500,"North Indian, Fast Food, Chinese",3.6,18," Diggi Chowk, Tanga Stand, Pal Bhichala, Ajmer"
"mast mahadev dhaba Restaurant, Adarsh Nagar",https://www.zomato.com/ajmer/mast-mahadev-dhaba-adarsh-nagar,200,North Indian,3.6,31," Opposite Madhav Dwar, Nasirabad Road, Adarsh Nagar, Ajmer"
"hot curries Restaurant, Panchsheel Nagar",https://www.zomato.com/ajmer/hot-curries-panchsheel-nagar,250,"BBQ, Afghan, Roast Chicken, Chinese, Mughlai, North Indian",3.6,19," Shop 1, Outside Baba Gopaldas Colony, Makadwali Road, Panchsheel Nagar, Ajmer"
"night owl Restaurant, Panchsheel Nagar",https://www.zomato.com/ajmer/night-owl-panchsheel-nagar,150,"Mexican, Beverages, Fast Food, Desserts, Sandwich, Pizza, Bakery, Coffee",3.6,20," Opposite Ashoka Complex, Baldev Nagar, Makarwali Road, Panchsheel Nagar, Ajmer"
"food fort Restaurant, Ana Sagar Lake",https://www.zomato.com/ajmer/food-fort-ana-sagar-lake,400,"North Indian, Chinese, Fast Food",3.6,8," Behind Tejasva Furniture, Near Mission Girls School, Circular Road, Ana Sagar Lake, Ajmer"
"mast punjabi tadka dhaba Restaurant, Ram Ganj",https://www.zomato.com/ajmer/mast-punjabi-tadka-dhaba-ram-ganj,200,North Indian,3.6,25," Opposite Gurudwara, Beawer Road, Ram Ganj, Ajmer"
"srinath pao bhaji Restaurant, Ana Sagar Lake",https://www.zomato.com/ajmer/srinath-pao-bhaji-ana-sagar-lake,100,Street Food,3.6,24," Bajrang Garh Circle, Ana Sagar Lake, Ajmer"
"gorkhas restaurant Restaurant, Ana Sagar Lake",https://www.zomato.com/ajmer/gorkhas-restaurant-ana-sagar-lake,300,"North Indian, Fast Food",3.6,17," 2951, Near Sarvodaya Colony, Ana Sagar Lake, Ajmer"
"bbakers fast food Restaurant, Pal Bhichala",https://www.zomato.com/ajmer/b-bakers-and-fast-food-pal-bhichala,250,"Chinese, Continental, Bakery",3.6,26," 970, Shiv Sagar Colony, Vinay Nagar, New Amba Bari, Pal Bichala, Ajmer"
"kgn fast food pizza point Restaurant, Gaddi Malian",https://www.zomato.com/ajmer/k-g-n-fast-food-pizza-point-gaddi-malian,200,"North Indian, Fast Food, Pizza, Chinese, Burger, Sandwich",3.6,17," Shop 2-3, Nari Shala Chouraha, Subhash Nagar, Gaddi Malian, Ajmer"
"mayor mix faluda ice cream Restaurant, Ana Sagar Lake",https://www.zomato.com/ajmer/mayor-mix-faluda-ice-cream-ana-sagar-lake,150,"Desserts, Ice Cream",3.6,21," Makarali Road, Kesav Nagar, Ana Sagar Lake, Ajmer"
"cafe district 01 Restaurant, Panchsheel Nagar",https://www.zomato.com/ajmer/cafe-district-01-panchsheel-nagar,150,"Fast Food, Chinese",3.6,14," Saint Stephen School Road, Makarwali Road, Panchsheel Nagar, Ajmer"
"mahakal Restaurant, Railway Quarters ",https://www.zomato.com/ajmer/mahakal-railway-quarters,40,Ice Cream,3.6,18," Kaiser Ganj, Railway Quarters Ajmer"
"bhagat pan bhandar Restaurant, Ana Sagar Lake",https://www.zomato.com/ajmer/bhagat-pan-bhandar-ana-sagar-lake,100,Paan,3.6,12," 4-K-21, ASC road, Janta colony, Near Mamta Sweets, Vaishali Nagar, Ajmer, Ana Sagar Lake, Ajmer"
"rj 01 restaurant Restaurant, Ana Sagar Lake",https://www.zomato.com/ajmer/rj-01-restaurant-ana-sagar-lake,200,"North Indian, Fast Food",3.6,16," Outside Sadar Kotwali, P.R. Marg, Ana Sagar Lake, Ajmer"
"makrana raj restaurant Restaurant, Railway Quarters ",https://www.zomato.com/ajmer/makrana-raj-restaurant-railway-quarters,300,Rajasthani,3.1,7," Balaji, Gagwana, Jaipur Road, Railway Quarters Ajmer"
"balaji bhojanalya Restaurant, Pal Bhichala",https://www.zomato.com/ajmer/balaji-bhojanalya-pal-bhichala,150,North Indian,3.1,6," Opposite Bus Stand, Pal Bhichala, Ajmer"
"kissan bakery Restaurant, Dhola Bhata Colony",https://www.zomato.com/ajmer/kissan-bakery-dhola-bhata-colony,200,"Bakery, Desserts, Fast Food",3.1,4," Ward 46, Shri Nagar Road, Dhola Bhata Colony, Ajmer"
"nut bolt Restaurant, Dhola Bhata Colony",https://www.zomato.com/ajmer/nut-bolt-dhola-bhata-colony,300,"North Indian, BBQ, Mughlai, Charcoal Chicken, Kebab, Roast Chicken",3.1,4," 123/33, Kamal Bhati Bhawan, Chuna Bhata Road, Shiv Nagar, Topdara, Dhola Bhata Colony, Ajmer"
"mishthi chinese corner Restaurant, Ana Sagar Lake",https://www.zomato.com/ajmer/mishthi-chinese-corner-ana-sagar-lake,200,"Chinese, Fast Food",3.1,5," Raja Cycle Chouraha, Near Fly Over, Ajmer"
"come n sip Restaurant, Railway Quarters ",https://www.zomato.com/ajmer/come-n-sip-railway-quarters,200,"Chinese, Fast Food, Beverages",3.1,4," Shop 5, Dayanand Market, Kaiser Ganj Road, Railway Quarters Ajmer"
"royal zayka Restaurant, Police Lines",https://www.zomato.com/ajmer/royal-zayka-police-lines,300,"North Indian, Biryani, Charcoal Chicken, Kebab, Raw Meats, Roast Chicken",3.0,11," Kankariya, Near pushkar bypass, Jaipur road, Ajmer"
"dana pani kebab restaurant Restaurant, Railway Quarters ",https://www.zomato.com/ajmer/dana-pani-kebab-restaurant-railway-quarters,250,"BBQ, Mughlai, Kebab, North Indian, Roast Chicken",3.0,20," Opposite Railway Station, Station Road, Railway Quarters Ajmer"
"krishna chat bhandar Restaurant, Railway Quarters ",https://www.zomato.com/ajmer/krishna-chat-bhandar-railway-quarters,100,"Mithai, Fast Food",3.0,17," 17/64 Ram dwara gali purani Mandi Ajmer, Railway Quarters Ajmer"
"talk town Restaurant, Ana Sagar Lake",https://www.zomato.com/ajmer/talk-of-the-town-1-ana-sagar-lake,350,"Chinese, Mughlai",3.0,10," 10/15, Sagar Vihar Colony, Vaishali Nagar, Ana Sagar Lake, Ajmer"
"mamta cakes bakes Restaurant, Dhola Bhata Colony",https://www.zomato.com/ajmer/mamta-cakes-bakes-1-dhola-bhata-colony,100,"Bakery, Fast Food",3.0,10," Framji Chowk, Nasirabad, Ajmer"
"shakes pi yaar Restaurant, Panchsheel Nagar",https://www.zomato.com/ajmer/shakes-pi-yaar-panchsheel-nagar,100,"Beverages, Desserts",3.0,11," 12/232, Opposite Cine Mall, Anand Nagar, Panchsheel Nagar, Ajmer"
"hotel royal ajmer Restaurant, Boraj Kazipura",https://www.zomato.com/ajmer/hotel-royal-ajmer-boraj-kazipura,450,"South Indian, North Indian, Chinese",3.0,7," Dhan Mandi, Dargah Bazaar, Boraj Kazipura, Ajmer"
"ramesh sweets restaurant Restaurant, Adarsh Nagar",https://www.zomato.com/ajmer/ramesh-sweets-and-restaurant-adarsh-nagar,200,Mithai,3.0,7," Near S.B.B.J Bank Parbatpura Bypass, Nasirabad Road, Angira Nagar, Bhajan Ganj, Adarsh Nagar, Ajmer"
"sabji wala Restaurant, Panchsheel Nagar",https://www.zomato.com/ajmer/sabji-wala-panchsheel-nagar,150,North Indian,3.0,7," Shop 4, Opposite Royal Thai Spa, Makadwali Road, Panchsheel Nagar, Ajmer"
"chat chatore Restaurant, Panchsheel Nagar",https://www.zomato.com/ajmer/chat-chatore-panchsheel-nagar,100,"Fast Food, Street Food, Pizza, Sandwich, Beverages",3.3,33," City Square Mall, Panchsheel Nagar, Ajmer"
"mount mary fast food Restaurant, Dhola Bhata Colony",https://www.zomato.com/ajmer/mount-mary-fast-food-dhola-bhata-colony,250,"Pizza, Burger, Chinese, Fast Food",3.3,9," 72, Pooja Marg, Vijay Singh, Pathik Nagar, Dhola Bhata Colony, Ajmer"
"uncrust Restaurant, Kotra",https://www.zomato.com/ajmer/uncrust-kotra,250,"Fast Food, Pizza, Chinese",3.3,12," Ground Floor, Dev Plaza, Near Bank of Baroda, Pushkar Road, Kotra, Ajmer"
"anurag restaurant Restaurant, Pal Bhichala",https://www.zomato.com/ajmer/anurag-restaurant-pal-bhichala,250,"Fast Food, Cafe, Desserts, Sandwich, North Indian, Chinese, Ice Cream",3.3,24," Opposite Bus Standpal, Pal Bhichala, Ajmer"
"chilly spicy dhaba Restaurant, Panchsheel Nagar",https://www.zomato.com/ajmer/chilly-spicy-dhaba-panchsheel-nagar,250,"North Indian, Chinese",3.3,24," Near stephen chauraha, Makarwali Road, Panchsheel,  Ajmer"
"amuse Restaurant, Hathi Khera",https://www.zomato.com/ajmer/amuse-hathi-khera,800,Finger Food,3.3,12," Hotel Grand Xenia, Foy Sagar Road,
 Ajmer
"
"niharika restaurant fast food Restaurant, Kotra",https://www.zomato.com/ajmer/niharika-restaurant-and-fast-food-kotra,200,"Fast Food, North Indian, Beverages",3.3,8," Haribhau Upadhyay Nagar, Pushkar Road, Kotra, Ajmer"
"fusion Restaurant, Ana Sagar Lake",https://www.zomato.com/ajmer/fusion-ana-sagar-lake,450,"North Indian, Chinese, Fast Food, Beverages",3.3,9," Aone Zone, 10/114, Vaishali Nagar Ana Sagar Lake, Ajmer"
"new taj resturent Restaurant, Ram Ganj",https://www.zomato.com/ajmer/new-taj-resturent-ram-ganj,500,"North Indian, Fast Food",3.3,17," HMT Factory, Beawar Road, Ram Ganj, Ajmer"
"mad about food Restaurant, Ana Sagar Lake",https://www.zomato.com/ajmer/mad-about-food-ana-sagar-lake,500,"North Indian, South Indian, Chinese",3.3,16," Plot 248, Ana Sagar Circle Road, Vaishali Nagar"
"jannat ac restaurant Restaurant, Boraj Kazipura",https://www.zomato.com/ajmer/jannat-ac-restaurant-boraj-kazipura,500,Mughlai,3.3,16," Dargah Bazaar, Boraj Kazipura, Ajmer"
"deshi tadka Restaurant, Ana Sagar Lake",https://www.zomato.com/ajmer/deshi-tadka-ana-sagar-lake,150,"North Indian, Fast Food",3.3,16," opposite satyam palace near badhir vidyalay ajmer, Ana Sagar Lake, Ajmer"
"patiala chicken Restaurant, Railway Quarters ",https://www.zomato.com/ajmer/patiala-chicken-railway-quarters,250,"North Indian, BBQ, Mughlai, Charcoal Chicken, Kebab, Roast Chicken",3.3,14," Opposite Railway Station, Railway Quarters Ajmer"
"hotel jamil restaurant Restaurant, Boraj Kazipura",https://www.zomato.com/ajmer/hotel-jamil-and-restaurant-boraj-kazipura,300,Mughlai,3.3,13," Near Delhi Gate, Dargah Bazaar, Boraj Kazipura, Ajmer"
"brown bake Restaurant, Ana Sagar Lake",https://www.zomato.com/ajmer/brown-bake-ana-sagar-lake,200,"Fast Food, Bakery",3.3,11," Vaishali Nagar, Ana Sagar Lake, Ajmer"
"un curry by data inn Restaurant, Dhola Bhata Colony",https://www.zomato.com/ajmer/un-curry-by-data-inn-dhola-bhata-colony,700,"Biryani, North Indian, Afghan",3.8,21," Hotel Data Inn, Shrinagar Road, Raja Cycle Circle,  Ajmer
"
"cake hut Restaurant, Railway Quarters ",https://www.zomato.com/ajmer/cake-hut-2-railway-quarters,200,"Bakery, Desserts",3.8,10," Kaisar Ganj, Near Police Chowki, Railway Quarters, Ajmer"
"mahadev ka dhaba Restaurant, Ana Sagar Lake",https://www.zomato.com/ajmer/mahadev-ka-dhaba-ana-sagar-lake,250,"North Indian, Rajasthani",3.7,417," Private Bus Stand, Opposite Daulat Bagh, Subhash Udhaan, Ana Sagar Lake, Ajmer"
"pizza unlimited Restaurant, Ana Sagar Lake",https://www.zomato.com/ajmer/the-pizza-unlimited-ana-sagar-lake,250,"Fast Food, Chinese",3.7,37, Delivery Only
"old mahadev ka dhaba Restaurant, Ana Sagar Lake",https://www.zomato.com/ajmer/old-mahadev-ka-dhaba-ana-sagar-lake,300,"North Indian, Rajasthani",3.7,186," Bajrang Garh, Chouraha Ke Pass, Kala Bagh, Ward 51"
"roti boti Restaurant, Adarsh Nagar",https://www.zomato.com/ajmer/roti-boti-adarsh-nagar,300,North Indian,3.7,121," Near Street. Francis School, Nagra, Nasirabad Road, Adarsh Nagar, Ajmer"
"pizza hut Restaurant, Ram Ganj",https://www.zomato.com/ajmer/pizza-hut-ram-ganj,600,"Pizza, Fast Food, Finger Food, American",3.7,90," 325/5-326/5, Ground Floor, Shrinath Mall, Show Room 2, Krishna Ganj Road, Ram Ganj, Ajmer"
"ashu sweets bakers Restaurant, Adarsh Nagar",https://www.zomato.com/ajmer/ashu-sweets-and-bakers-adarsh-nagar,250,"Mithai, Bakery, Fast Food",3.7,66," Opp. Reliance Fresh, Chandar Nagar, Beawer Road, Ajmer ( Raj.)"
"tandoor restaurant Restaurant, Ana Sagar Lake",https://www.zomato.com/ajmer/the-tandoor-restaurant-ana-sagar-lake,300,"North Indian, Biryani, Chinese",3.7,86," E-69-A,Shastri Nagar,I Block,Var No.52,Ajmer"
"sindh punjab dhaba Restaurant, Ana Sagar Lake",https://www.zomato.com/ajmer/sindh-punjab-dhaba-ana-sagar-lake,400,"North Indian, Rajasthani",3.7,67," hotel ravi palace,near mittal hospital, Pushkar Road, Kotra, Ajmer"
"chaska Restaurant, Kotra",https://www.zomato.com/ajmer/chaska-kotra,800,North Indian,3.7,55," HBU Nagar, Kotra, Ajmer"
"romys fine dine Restaurant, Ana Sagar Lake",https://www.zomato.com/ajmer/romys-fine-dine-ana-sagar-lake,300,"Chinese, North Indian, Pizza, Biryani",3.7,58," 1st Floor, Opposite Suchna Kendra, Jaipur Road, Ana Sagar Lake, Ajmer"
"rajdeep family restaurant Restaurant, Railway Quarters ",https://www.zomato.com/ajmer/rajdeep-family-restaurant-railway-quarters,250,North Indian,3.7,65," Parav, Near New Majestic Cinema Road, Railway Quarters"
"royal recipes Restaurant, Ana Sagar Lake",https://www.zomato.com/ajmer/royal-recipes-ana-sagar-lake,200,"North Indian, Chinese, Fast Food, Beverages",3.7,45," 257/1,Robert Compound,Christian Ganj,Ajmer"
"royal bakers Restaurant, Ana Sagar Lake",https://www.zomato.com/ajmer/royal-bakers-ana-sagar-lake,,"Bakery, Fast Food, Desserts",3.7,50," Shop 14, Near Vega Mall, Jaipur Road, Ana Sagar Lake, Ajmer"
"laltain restaurant Restaurant, Kotra",https://www.zomato.com/ajmer/laltain-restaurant-kotra,400,"North Indian, Chinese",3.6,41," Opposite Mittal Hospital, Cine World Road, Kotra, Ajmer"
"al afdal biryani Restaurant, Ana Sagar Lake",https://www.zomato.com/ajmer/al-afdal-biryani-ana-sagar-lake,350,"North Indian, Mughlai, Fast Food",3.6,39," House-2, Infront St. Paul's School, Satguru Colony, Ana Sagar Lake, Ajmer"
"food ever Restaurant, Adarsh Nagar",https://www.zomato.com/ajmer/food-ever-adarsh-nagar,150,"Fast Food, Coffee",3.6,42," 3/42, Housing Board Colony, Ajay Nagar, Adarsh Nagar, Ajmer"
"fun n food restaurant Restaurant, Dhola Bhata Colony",https://www.zomato.com/ajmer/fun-n-food-restaurant-dhola-bhata-colony,500,"South Indian, Fast Food, Desserts, Italian, North Indian, Chinese",3.6,33," Near State Bank of India, Nasirabad Road, Dhola Bhata Colony, Ajmer"
"shiv shankar bakery Restaurant, Adarsh Nagar",https://www.zomato.com/ajmer/shiv-shankar-bakery-adarsh-nagar,100,"Bakery, Fast Food",3.6,39," Nagra, Nasirabad Road, Adarsh Nagar, Ajmer"
"kashish pure veg family restaurant Restaurant, Ana Sagar Lake",https://www.zomato.com/ajmer/kashish-pure-veg-family-restaurant-ana-sagar-lake,400,"North Indian, Fast Food",3.6,39," Maa Bhawani Complex, Opposite Baba Gopal Das Colony, Makarwali Road, Near canara bank, Ajmer, Ana Sagar Lake, Ajmer"
"kesar sweets Restaurant, Kotra",https://www.zomato.com/ajmer/kesar-sweets-kotra,250,"Beverages, Fast Food, Desserts, Bakery, Mithai",3.6,20," Ground Floor, S-7, Ramnagar Road, Haribhau Upadhyay Nagar, Kotra, Ajmer"
"mamta sweets bakes Restaurant, Ana Sagar Lake",https://www.zomato.com/ajmer/mamta-sweets-and-bakes-ana-sagar-lake,100,"Mithai, Bakery, Fast Food",3.6,31," Near Mamta Misthan Bhandar, Lohagal Road, Shastri Nagar"
"hotel star restaurant Restaurant, Boraj Kazipura",https://www.zomato.com/ajmer/hotel-star-and-restaurant-boraj-kazipura,300,"Street Food, Tea, Beverages, North Indian, Chinese, Salad, Coffee",3.6,41," Near Delhi Gate, Dargah Bazaar, Boraj Kazipura, Ajmer"
"fbc frizzle brittle chicken Restaurant, Ana Sagar Lake",https://www.zomato.com/ajmer/fbc-frizzle-brittle-chicken-ana-sagar-lake,300,"Mughlai, North Indian, Fast Food",3.6,22," Maa Bhawani Complex, Near Canara Bank, Chitrakoot Colony, Makarwali Road, Ana Sagar Lake, Ajmer"
"jain namkeen Restaurant, Hathi Khera",https://www.zomato.com/ajmer/jain-namkeen-hathi-khera,150,Mithai,3.6,34," Parao, Hathi Khera, Ajmer"
"baskin robbins Restaurant, Pal Bhichala",https://www.zomato.com/ajmer/baskin-robbins-pal-bhichala,200,"Ice Cream, Beverages, Desserts",3.6,27," Hotel LN Courtyard, Lohagal Road, Suraj Vihar Colony, Shastri Nagar, Pal Bhichala, Ajmer"
"anjali fast food Restaurant, Adarsh Nagar",https://www.zomato.com/ajmer/anjali-fast-food-adarsh-nagar,100,"Street Food, Fast Food",3.6,35," Opposite Navjeevan Hospital, Adarsh Nagar, Ajmer"
"urban table Restaurant, Hathi Khera",https://www.zomato.com/ajmer/urban-table-hathi-khera,"1,200",North Indian,3.6,24," 7th Floor, Grand Xenia Hotel, Foy Sagar Road, Hathi Khera, Ajmer"
"neelkamal restaurant Restaurant, Railway Quarters ",https://www.zomato.com/ajmer/neelkamal-restaurant-railway-quarters,350,"Burger, South Indian, Fast Food, Italian, Pizza, Chinese",3.6,32," Opposite St John'South Church, Kesar Ganj, Railway Quarters Ajmer"
"bollywood tadka Restaurant, Kotra",https://www.zomato.com/ajmer/bollywood-tadka-kotra,350,"BBQ, Beverages, Biryani, Burger, Cafe, North Indian",3.2,13," Ramnagar Chauraha, Floor 2, Sai Kripa Building, Kotra, Ajmer"
"apna dhaba Restaurant, Ana Sagar Lake",https://www.zomato.com/ajmer/apna-dhaba-ana-sagar-lake,200,North Indian,3.2,10," Opposite RK Hospital, Janta Colony, Vaishali Nagar, Ana Sagar Lake, Ajmer"
"shree krishna juice centre fast food Restaurant, Adarsh Nagar",https://www.zomato.com/ajmer/shree-krishna-juice-centre-and-fast-food-adarsh-nagar,250,"Fast Food, Juices",3.2,10," H.No. 3/58, Dhola Bhata Colony,Ajmer"
"shree ram namkeen Restaurant, Ana Sagar Lake",https://www.zomato.com/ajmer/shree-ram-namkeen-ana-sagar-lake,200,Bakery,3.2,9," Ghee Mandi Road, Naya Bazar, Gate, Ana Sagar Lake, Ajmer"
"food king Restaurant, Ana Sagar Lake",https://www.zomato.com/ajmer/food-king-ana-sagar-lake,200,Fast Food,3.2,11," Shop 6, Behind Ana Sagar Police Chowki, Foy Sagar Road, Ana Sagar Lake, Ajmer"
"love cafetaria cold express Restaurant, Ana Sagar Lake",https://www.zomato.com/ajmer/love-cafetaria-cold-express-ana-sagar-lake,150,"Juices, Beverages",3.2,12," C-18 Yadav Complex, Near Laxmi Medical Vaishali Nagar, Ana Sagar Lake, Ajmer"
"heena restaurant Restaurant, Kotra",https://www.zomato.com/ajmer/heena-restaurant-kotra,400,"North Indian, BBQ, Mughlai, Charcoal Chicken, Kebab, Roast Chicken",3.2,8," C 43-44, B.K Kaul Nagar, Kotra, Ajmer"
"non veg town Restaurant, Ana Sagar Lake",https://www.zomato.com/ajmer/non-veg-town-ana-sagar-lake,350,North Indian,3.2,9," 19/453, Chatai Mohalla, Ana Sagar Lake, Ajmer"
"azad sweets Restaurant, Ana Sagar Lake",https://www.zomato.com/ajmer/azad-sweets-ana-sagar-lake,150,Desserts,3.2,9," Opposite Clock Tower, Madar Gate, Ana Sagar Lake, Ajmer"
"spicy treat Restaurant, Kotra",https://www.zomato.com/ajmer/spicy-treat-kotra,200,North Indian,3.2,6," 48-B, H.B.U. Extension, Pushkar Road, Kotra, Ajmer"
"omni restaurant Restaurant, Police Lines",https://www.zomato.com/ajmer/omni-restaurant-police-lines,400,"North Indian, South Indian, Fast Food",3.2,10," Hotel Omni Palace Jaipur Road, Police Lines, Ajmer"
"acer restaurant Restaurant, Panchsheel Nagar",https://www.zomato.com/ajmer/acer-restaurant-panchsheel-nagar,200,"Pizza, Burger, Sandwich",3.2,10," Near Hotel Gulmarg, Petrol Pump, Vaishali Nagar, Panchsheel Nagar, Ajmer"
"mohanlal tulsiram sweets namkeen Restaurant, Panchsheel Nagar",https://www.zomato.com/ajmer/mohanlal-tulsiram-sweets-and-namkeen-panchsheel-nagar,200,Fast Food,3.2,9," Saint stephen chauraya, panchsheel, ajmer, Panchsheel Nagar, Ajmer"
"manbhavan family garden restaurant Restaurant, Kotra",https://www.zomato.com/ajmer/manbhavan-family-garden-restaurant-kotra,450,"North Indian, Chinese, Fast Food, Beverages",3.2,8," Near Private Bus Stand, Nausar Ghati, Pushkar Road, Kotra, Ajmer"
"sky lounge Restaurant, Ana Sagar Lake",https://www.zomato.com/ajmer/sky-lounge-3-ana-sagar-lake,700,"Continental, Beverages, Italian, North Indian, Chinese, Salad, Lebanese, Kebab",3.2,8," Lohagal Road, Near Sbi Bank, Suraj Vihar Colony, Ana Sagar Lake, Ajmer"
"arihant chaat sweets Restaurant, Kotra",https://www.zomato.com/ajmer/arihant-chaat-and-sweets-kotra,150,"Desserts, Fast Food",3.4,17," Arya Samaj Marg, Opposite Agarwal Courier, Kesar Ganj, Kotra, Ajmer"
"shree sweets namkeen Restaurant, Ana Sagar Lake",https://www.zomato.com/ajmer/shree-sweets-and-namkeen-ana-sagar-lake,150,"North Indian, Desserts",3.4,15, Delivery Only
"bhagwanti juice centre Restaurant, Ana Sagar Lake",https://www.zomato.com/ajmer/bhagwanti-juice-centre-ana-sagar-lake,100,"Beverages, Juices",3.4,15," Shop 27, Opposite LIC Kutchery Road, Ward 25, Ana Sagar Lake, Ajmer"
"kfb Restaurant, Adarsh Nagar",https://www.zomato.com/ajmer/kfb-adarsh-nagar,150,"Juices, Fast Food",3.4,14," Gulab Tower, Bihari Ganj, Nasirabad Road, Adarsh Nagar, Ajmer"
"chatkazz Restaurant, Kotra",https://www.zomato.com/ajmer/chatkazz-kotra,350,"Fast Food, Street Food, South Indian, Juices, Beverages",3.4,11," Pragati Nagar Road, Kotra, Ajmer"
"kanak sagar Restaurant, Ana Sagar Lake",https://www.zomato.com/ajmer/kanak-sagar-ana-sagar-lake,400,"North Indian, Sandwich, Chinese, Beverages",3.4,9," Bhainsa Complex, P R Marg, Ana Sagar Lake, Ajmer"
"curry chapati Restaurant, Kundan Nagar",https://www.zomato.com/ajmer/curry-chapati-kundan-nagar,400,"North Indian, Mughlai",3.4,10," Theodores Villa, Prakash Road, Nagra, Kundan Nagar, Ajmer"
"restro food Restaurant, Panchsheel Nagar",https://www.zomato.com/ajmer/restro-food-panchsheel-nagar,200,"Fast Food, South Indian, Chinese, Beverages",3.4,12," 3/89, B-2, Ganesh Guwadi Road, Panchsheel Nagar, Ajmer"
"manoj fast food Restaurant, Adarsh Nagar",https://www.zomato.com/ajmer/manoj-fast-food-adarsh-nagar,300,"Fast Food, North Indian",3.4,14," Near Ajanta Cinema, Nasirabad Road, Adarsh Nagar, Ajmer"
"roll junction Restaurant, Ana Sagar Lake",https://www.zomato.com/ajmer/the-roll-junction-ana-sagar-lake,200,"Rolls, Fast Food",3.4,13," Opposite Regional College, Vaishali Nagar, Ana Sagar Lake, Ajmer"
"chinese corner Restaurant, Adarsh Nagar",https://www.zomato.com/ajmer/chinese-corner-adarsh-nagar,200,"Chinese, Fast Food",3.4,10," Nasirabad Road, Adarsh Nagar, Ajmer"
"shiv shanker chat Restaurant, Ana Sagar Lake",https://www.zomato.com/ajmer/shiv-shanker-chat-ana-sagar-lake,100,Street Food,3.4,10," Bajrang Garh Circle, Ana Sagar Lake, Ajmer"
"shree sita ram sweets Restaurant, Railway Quarters ",https://www.zomato.com/ajmer/shree-sita-ram-sweets-railway-quarters,100,Beverages,3.4,8," Madar Gate, Kawandaspura, Railway Quarters, Ajmer"
"alchemist cafe Restaurant, Pal Bhichala",https://www.zomato.com/ajmer/the-alchemist-cafe-pal-bhichala,200,Beverages,3.4,5," 62, Bungalow 1, Army Circular Road, Near Roadways Bus Stand, Pal Bhichala, Ajmer"
"mr beans pizza Restaurant, Ana Sagar Lake",https://www.zomato.com/ajmer/mr-beans-pizza-ana-sagar-lake,400,Pizza,3.3,190," Maa Bhawani Complex, Near Shiv Mandir, Makarwali Road, Vaishali Nagar, Ana Sagar Lake, Ajmer"
"naayaab restaurant Restaurant, Adarsh Nagar",https://www.zomato.com/ajmer/naayaab-restaurant-adarsh-nagar,350,North Indian,3.3,11," Near Mukund Garden, Nasirabad Road, Adarsh Nagar, Ajmer"
"shree shyam pyaaz kachhori Restaurant, Ana Sagar Lake",https://www.zomato.com/ajmer/shree-shyam-pyaaz-kachhori-ana-sagar-lake,100,"Tea, Street Food",3.3,10," Prithivi Raj Marg, Hathi Bhata, Ajmer"
"gharib nawaz restaurant Restaurant, Boraj Kazipura",https://www.zomato.com/ajmer/gharib-nawaz-restaurant-boraj-kazipura,200,North Indian,3.3,8," Dargah Bazaar, Boraj Kazipura, Ajmer"
"spicy leaf by motilal Restaurant, Adarsh Nagar",https://www.zomato.com/ajmer/spicy-leaf-by-motilal-adarsh-nagar,250,"North Indian, Chinese, Fast Food, South Indian",3.3,12," 68, Sadar Bazaar, Motilal Chouraha, Nasirabad"
"om ice cream Restaurant, Kotra",https://www.zomato.com/ajmer/om-ice-cream-kotra,100,Ice Cream,3.3,8," Opposite Chaska Lounge, Near Glitz Cinema, Kotra, Ajmer"
"chinky fast food corner Restaurant, Dhola Bhata Colony",https://www.zomato.com/ajmer/chinky-fast-food-corner-dhola-bhata-colony,200,"Fast Food, Chinese",3.3,7," Srinagar Road,Infront of Mayo College Gate,Near bridge,Ajmer"
"sadda adda express food Restaurant, Panchsheel Nagar",https://www.zomato.com/ajmer/sadda-adda-the-express-food-panchsheel-nagar,300,Fast Food,3.3,7," Shop 12, Roadways Bus Stand, Ajmer"
"dosawala Restaurant, Ana Sagar Lake",https://www.zomato.com/ajmer/dosawala-ana-sagar-lake,150,Fast Food,3.3,8," Opposite Vega mall, Suchna kendra, Ajmer, Ana Sagar Lake, Ajmer"
"havmor Restaurant, Kundan Nagar",https://www.zomato.com/ajmer/havmor-kundan-nagar,300,Ice Cream,3.3,7," Ground Floor, Suchna Kendra Chauraha, Kundan Nagar, Ajmer"
"bhola restaurant Restaurant, Ana Sagar Lake",https://www.zomato.com/ajmer/bhola-restaurant-ana-sagar-lake,200,North Indian,3.2,49," Agra Gate, Opposite Sabzi Mandi"
"barrack Restaurant, Adarsh Nagar",https://www.zomato.com/ajmer/the-barrack-adarsh-nagar,400,North Indian,3.2,31," A7, Shalimar Colony, Near Canara Bank, Adarsh Nagar, Ajmer"
"dadi ki kutiya Restaurant, Dhola Bhata Colony",https://www.zomato.com/ajmer/dadi-ki-kutiya-dhola-bhata-colony,200,"Fast Food, North Indian",3.2,9," 1347-A/42, Pooja Marg, Dhola Bhata Colony, Ajmer"
"dine peace Restaurant, Ana Sagar Lake",https://www.zomato.com/ajmer/dine-in-peace-ana-sagar-lake,350,"North Indian, Chinese, Fast Food, Beverages",3.2,14," Aone Zone, 10/114, Vaishali Nagar, Ajmer, Ana Sagar Lake, Ajmer"
"mamta misthan bhandar Restaurant, Ana Sagar Lake",https://www.zomato.com/ajmer/mamta-misthan-bhandar-ana-sagar-lake,300,"Fast Food, Desserts, Bakery, Mithai",3.2,16," Lohagal Road, Sahastri Nagar, Ana Sagar Lake, Ajmer"
"v tutus veg/non veg mobile restaurant Restaurant, Kundan Nagar",https://www.zomato.com/ajmer/v-tutus-veg-non-veg-mobile-restaurant-kundan-nagar,200,North Indian,3.2,13," Raja Circle Chorahaya, Under CRPF Bridge, Sri Nagar Road, Kundan Nagar, Ajmer"
"cake craft by mango masala Restaurant, Ana Sagar Lake",https://www.zomato.com/ajmer/cake-craft-by-mango-masala-ana-sagar-lake,470,"Bakery, Fast Food, Beverages",4.1,126," Kutchery Road, India Motors Circle, Ana Sagar Lake, Ajmer"
"don tomato Restaurant, Ana Sagar Lake",https://www.zomato.com/ajmer/don-tomato-1-ana-sagar-lake,150,"Chinese, Sandwich, Fast Food, North Indian, Burger, Rolls, Pizza, South Indian",4.1,136," Ana Sagar Link Road, Ganapati Nagar, Mali Mohall, Ana Sagar Lake, Ajmer"
"aroras restaurant Restaurant, Ana Sagar Lake",https://www.zomato.com/ajmer/aroras-restaurant-1-ana-sagar-lake,400,"BBQ, Chinese, Roast Chicken, North Indian, Kebab, Afghan, Mughlai",4.1,117," Basement Yadav Complex, Near ICICI ATM, Makarwali Road, Vaishali Nagar"
"honeydew Restaurant, Railway Quarters ",https://www.zomato.com/ajmer/honeydew-railway-quarters,600,"Continental, South Indian, Fast Food, North Indian, Chinese, Mughlai, Beverages",4.1,113," Opposite Railway Station, Station Road, Railway Quarters Ajmer"
"red cherry Restaurant, Dhola Bhata Colony",https://www.zomato.com/ajmer/red-cherry-dhola-bhata-colony,300,"North Indian, South Indian, Chinese, Mughlai",4.1,63," Near Jhanwahar Rangmanch, Shastri Nagar, Ajmer"
"dominos pizza Restaurant, Ana Sagar Lake",https://www.zomato.com/ajmer/dominos-pizza-ana-sagar-lake,400,"Pizza, Italian, Desserts",4.0,451," Vega Mall, Near Suchna Kendra, Sardar Patel Marg, Ana Sagar Lake, Ajmer"
"chicken king Restaurant, Railway Quarters ",https://www.zomato.com/ajmer/chicken-king-railway-quarters,200,North Indian,4.0,154," Opposite Vega Mall, Suchna Kendra Chauraya, Railway Quarters Ajmer"
"tea connect Restaurant, Ana Sagar Lake",https://www.zomato.com/ajmer/tea-connect-ana-sagar-lake,400,"North Indian, Chinese, Fast Food, Beverages",4.0,137," A One Zone, 10/14 Near Shiv Shankar Dairy"
"olive kitchen Restaurant, Ana Sagar Lake",https://www.zomato.com/ajmer/olive-kitchen-ana-sagar-lake,700,"Biryani, Italian, North Indian, Salad, Afghan, Kebab",4.0,82," BTE Tower, Opposite Reliance Fresh, Vaishali Nagar"
"mast punjabi tadka Restaurant, Ram Ganj",https://www.zomato.com/ajmer/mast-punjabi-tadka-ram-ganj,300,North Indian,4.0,128," Beawar Road Opposite Gurudwara Ramganj, Ram Ganj, Ajmer"
"bake my day Restaurant, Adarsh Nagar",https://www.zomato.com/ajmer/bake-my-day-adarsh-nagar,500,"Bakery, Fast Food, North Indian",4.0,107," Shop 56, Nasirabad Road, Opposite Roadways Booking, Adarsh Nagar, Ajmer"
"bombay chowpatty Restaurant, Ram Ganj",https://www.zomato.com/ajmer/bombay-chowpatty-ram-ganj,150,"Fast Food, Street Food",4.0,128," Opposite P.N.B. Bank, Ram Ganj, Ajmer"
"dhanna kachori Restaurant, Panchsheel Nagar",https://www.zomato.com/ajmer/dhanna-kachori-panchsheel-nagar,20,Fast Food,4.0,89, Delivery Only
"brijwasi Restaurant, Kotra",https://www.zomato.com/ajmer/brijwasi-kotra,200,"Chinese, Fast Food",4.0,114," HBU Nagar, Kotra, Ajmer"
"coffo holic Restaurant, Ana Sagar Lake",https://www.zomato.com/ajmer/coffo-holic-ana-sagar-lake,600,"North Indian, Chinese, South Indian, Burger, Continental, Desserts, Beverages, Pizza",4.0,103," 429/A/11 Vinod Bhawan, Kutchery Road"
"brown bake Restaurant, Kotra",https://www.zomato.com/ajmer/brown-bake-kotra,350,"Mexican, Beverages, Fast Food, Cafe, Italian, North Indian, Chinese, Bakery",3.7,55," HBU Nagar, Kotra, Ajmer"
"momos mania Restaurant, Dhola Bhata Colony",https://www.zomato.com/ajmer/momos-mania-dhola-bhata-colony,150,"Burger, Fast Food, Pizza, Chinese",3.7,61," Near old Saint joseph School, Dhola Bhata Road, Ajmer, Dhola Bhata Colony, Ajmer"
"sunrise bakers Restaurant, Ana Sagar Lake",https://www.zomato.com/ajmer/sunrise-bakers-ana-sagar-lake,150,"Bakery, Desserts",3.7,31," Shop 3, Baldev Nagar, Baba Gopal Das Society, Makarwali Road, Ana Sagar Lake, Ajmer"
"r r chinese Restaurant, Ana Sagar Lake",https://www.zomato.com/ajmer/r-r-chinese-ana-sagar-lake,300,"Street Food, Burger, Fast Food, Sandwich, Pizza, Chinese",3.7,51," India Motor Cycle Chouraha, Kutchery Road, Ana Sagar Lake, Ajmer"
"trm restaurant Restaurant, Ana Sagar Lake",https://www.zomato.com/ajmer/trm-restaurant-ana-sagar-lake,400,"Fast Food, Desserts, Italian, North Indian, Chinese, Rajasthani",3.7,31," Near Mehra Building, Opposit Power house, Ajmer"
"silver leaf Restaurant, Ana Sagar Lake",https://www.zomato.com/ajmer/silver-leaf-ana-sagar-lake,400,North Indian,3.7,47," Opposite City Power House, Jaipur Road, Ana Sagar Lake, Ajmer"
"goyal fast food Restaurant, Kundan Nagar",https://www.zomato.com/ajmer/goyal-fast-food-kundan-nagar,200,"Fast Food, Pizza, Chinese",3.7,48," Shop 5, Dayanand Market, Kaiser Ganj Road, Railway Quarters, Kundan Nagar, Ajmer"
"shree laxmi sweets Restaurant, Railway Quarters ",https://www.zomato.com/ajmer/shree-laxmi-sweets-railway-quarters,300,Mithai,3.7,43," Ground Floor, Hotel Ajmer Inn, Choori Bazar, Railway Quarters Ajmer"
"lazeez chick n serve Restaurant, Panchsheel Nagar",https://www.zomato.com/ajmer/lazeez-chick-n-serve-panchsheel-nagar,200,"Biryani, Charcoal Chicken, Mughlai, North Indian",3.7,38," Makarwali Road, Near handi restaurant, Baldev Nagar, Ajmer, Panchsheel Nagar, Ajmer."
"annapurna veg restaurant Restaurant, Dhola Bhata Colony",https://www.zomato.com/ajmer/annapurna-veg-restaurant-dhola-bhata-colony,250,North Indian,3.7,39," Srinagar Road, Dhola Bhata Colony, Ajmer"
"surya shakti bhojanalaya Restaurant, Railway Quarters ",https://www.zomato.com/ajmer/surya-shakti-bhojanalaya-railway-quarters,200,North Indian,3.7,42," Opposite Railway Station, Railway Quarters Ajmer"
"shree jodhpur sweets Restaurant, Ana Sagar Lake",https://www.zomato.com/ajmer/shree-jodhpur-sweets-ana-sagar-lake,100,"Fast Food, Mithai",3.7,39," Lodha Dharamshala, P R Marg, Ana Sagar Lake, Ajmer"
"house honey Restaurant, Ram Ganj",https://www.zomato.com/ajmer/house-of-honey-ram-ganj,300,"North Indian, Chinese, Beverages",3.7,20," 71-B/26 Gali No 30, New Colony, Ram Ganj, Ajmer"
"foodies ande ka funda Restaurant, Adarsh Nagar",https://www.zomato.com/ajmer/foodies-ande-ka-funda-1-adarsh-nagar,350,Fast Food,3.7,31," Adarsh Nagar, Ajmer"
"road side cafe Restaurant, Kundan Nagar",https://www.zomato.com/ajmer/the-road-side-cafe-kundan-nagar,200,"Cafe, Juices",3.7,28," Near shopping center, Naka Madar Colony, Gandhi Nagar, Kundan Nagar, Ajmer"
"mango masala restaurant Restaurant, Ana Sagar Lake",https://www.zomato.com/ajmer/mango-masala-restaurant-ana-sagar-lake,600,"North Indian, Chinese, South Indian, Continental, Pizza, Burger, Sandwich, Desserts",4.7,850," 429/A/11 Vinod Bhawan, Kutchery Road"
"one bite Restaurant, Ana Sagar Lake",https://www.zomato.com/ajmer/one-bite-1-ana-sagar-lake,250,"Fast Food, Pizza, Beverages",4.7,106," Shop 1, Hotel Gulmarg, Near Petrol Pump, Vaishali Nagar, Ana Sagar Lake, Ajmer"
"cake valley Restaurant, Ana Sagar Lake",https://www.zomato.com/ajmer/cake-valley-ana-sagar-lake,550,"Bakery, Desserts",4.6,25," Shop No 13, Dargah Sharif Road, Dargah Shareef, Ajmer - 305001"
"cake corner Restaurant, Railway Quarters ",https://www.zomato.com/ajmer/cake-corner-railway-quarters,150,"Bakery, Desserts, Fast Food",4.6,20," Shop No 13, Ganesh Bakery, Dargah Sharif Road, Dargah Shareef, Ajmer - 305001"
"rasoi Restaurant, Ana Sagar Lake",https://www.zomato.com/ajmer/rasoi-ana-sagar-lake,800,"North Indian, South Indian, Chinese, Pizza, Burger, Fast Food, Desserts, Beverages",4.5,656," Swami Complex, India Motor Circle, Ana Sagar Lake"
"baawarchi brothers Restaurant, Ana Sagar Lake",https://www.zomato.com/ajmer/baawarchi-brothers-ana-sagar-lake,350,"Rajasthani, Biryani, Sandwich, Fast Food, Beverages, Burger",4.5,152," Shop 4, Opposite Royal Thai Spa, Makarwali Road, Ana Sagar Lake, Ajmer"
"cake adda Restaurant, Railway Quarters ",https://www.zomato.com/ajmer/cake-adda-railway-quarters,150,"Bakery, Desserts, Fast Food",4.5,21," Shop No 13, Ganesh Bakery, Dargah Sharif Road, Dargah Shareef, Ajmer - 305001"
"foodies Restaurant, Adarsh Nagar",https://www.zomato.com/ajmer/foodies-adarsh-nagar,150,"Fast Food, Chinese",4.4,298," Nasirabad Road, Adarsh Nagar, Ajmer"
"sunny di hatti amritsari Restaurant, Ana Sagar Lake",https://www.zomato.com/ajmer/sunny-di-hatti-amritsari-ana-sagar-lake,400,"Beverages, Fast Food, North Indian, Chinese",4.4,187," Near ICICI Bank, Kashyap Compound, Vaishali Nagar, Ana Sagar Lake, Ajmer"
"royal rasoi Restaurant, Panchsheel Nagar",https://www.zomato.com/ajmer/royal-rasoi-panchsheel-nagar,300,"North Indian, Mughlai, Fast Food",4.4,143," 23, Karni Nagar, Opposite Vrindawan Public School, Makarwali Road, Panchsheel Nagar, Ajmer"
"cake me Restaurant, Railway Quarters ",https://www.zomato.com/ajmer/cake-me-railway-quarters,350,Bakery,4.4,23," Shop no. 13 ganesh bakery, dargah Sharif road, dargah sharif ajmer"
"gangaur pizza point Restaurant, Ana Sagar Lake",https://www.zomato.com/ajmer/gangaur-pizza-point-ana-sagar-lake,600,"Pizza, Beverages, Burger, Sandwich, Desserts",4.3,515," Sardar Patel Marg, Near India Motor Circle Chauraha, Ana Sagar Lake, Ajmer"
"mango curry Restaurant, Ana Sagar Lake",https://www.zomato.com/ajmer/mango-curry-ana-sagar-lake,"1,000","South Indian, Chinese, Pizza, North Indian, Burger, Sandwich",4.3,312," 429/A/11, Vinod Bhawan, Kutchery Road"
"burger king Restaurant, Panchsheel Nagar",https://www.zomato.com/ajmer/burger-king-panchsheel-nagar,500,"Burger, Fast Food, Beverages",4.3,257," Showroom 1A, Ground Floor, City Square Mall, A-Block, Panchsheel Nagar, Ajmer"
"roll express Restaurant, Ana Sagar Lake",https://www.zomato.com/ajmer/roll-express-ana-sagar-lake,300,Rolls,4.3,270," Ground Floor, C 16, Vaishali Nagar, Ana Sagar Lake, Ajmer"
"pizza 365 Restaurant, Ram Ganj",https://www.zomato.com/ajmer/pizza-365-ram-ganj,300,Pizza,3.0,4," Near D.A.V. College, Nai Basti, Beawar Road, Ramganj, Ajmer, Ram Ganj, Ajmer"
"suruchi Restaurant, Ana Sagar Lake",https://www.zomato.com/ajmer/suruchi-ana-sagar-lake,250,North Indian,3.0,7," Parav, Near New Majestic Cinema Road, Ajmer, Ana Sagar Lake, Ajmer"
"mahadev ka dhaba Restaurant, Ana Sagar Lake",https://www.zomato.com/ajmer/mahadev-ka-dhaba-1-ana-sagar-lake,200,"Rajasthani, North Indian",3.0,8," Kala Bagh, Private Bus Stand, Daulat Bagh Ajmer, Ana Sagar Lake, Ajmer"
"food farm restaurant Restaurant, Railway Quarters ",https://www.zomato.com/ajmer/the-food-farm-restaurant-railway-quarters,300,"North Indian, Mughlai, Chinese",3.0,5," Near Water Works, Shri Nagar Road, Madar, Railway Quarters Ajmer"
"barista Restaurant, Panchsheel Nagar",https://www.zomato.com/ajmer/barista-panchsheel-nagar,500,"Cafe, Fast Food, Desserts",3.0,5," City Square Mall, Makkarwali Road, Panchsheel Nagar, Ajmer"
"shiv shankar cafe Restaurant, Ana Sagar Lake",https://www.zomato.com/ajmer/shiv-shankar-cafe-ana-sagar-lake,200,"Beverages, Fast Food",3.0,4," Near Bajrang Garh, Ana Sagar Lake, Ajmer"
"rampal fast food Restaurant, Railway Quarters ",https://www.zomato.com/ajmer/rampal-fast-food-railway-quarters,200,Fast Food,3.0,7," Diggi Bazar, Kesar Ganj, Railway Quarters Ajmer"
"madeena restaurant Restaurant, Railway Quarters ",https://www.zomato.com/ajmer/madeena-restaurant-railway-quarters,250,North Indian,3.0,6," Opposite Railway Station, Railway Quarters Ajmer"
"laxmi restaurant fast food Restaurant, Police Lines",https://www.zomato.com/ajmer/laxmi-restaurant-and-fast-food-police-lines,100,"North Indian, Chinese, Fast Food",3.0,4," Near Balaji Homeopathic, Police Lines, Ajmer"
"new ramesh sweets restaurant Restaurant, Adarsh Nagar",https://www.zomato.com/ajmer/new-ramesh-sweets-restaurant-adarsh-nagar,100,"Mithai, Street Food",3.0,4," Nasirabad Road, Opposite Roadways Booking, Adarsh Nagar, Ajmer"
"loving food Restaurant, Ana Sagar Lake",https://www.zomato.com/ajmer/loving-food-ana-sagar-lake,400,Fast Food,3.0,5," Cine Mall, Ana Sagar Lake, Ajmer"
"jai bhole bhojnalay Restaurant, Railway Quarters ",https://www.zomato.com/ajmer/jai-bhole-bhojnalay-railway-quarters,200,North Indian,3.0,4," Opposite Railway Station, Railway Quarters Ajmer"
"deepak bhojanalya Restaurant, Boraj Kazipura",https://www.zomato.com/ajmer/deepak-bhojanalya-boraj-kazipura,150,North Indian,3.0,4," Dargah Road, Delhi Gate, Boraj Kazipura, Ajmer"
"hot spicy restaurant Restaurant, Adarsh Nagar",https://www.zomato.com/ajmer/hot-spicy-restaurant-adarsh-nagar,300,Fast Food,3.0,4," 2, Subhash Nagar Road, Near Adarsh Nagar Railway Crossing"
"delux bakery Restaurant, Railway Quarters ",https://www.zomato.com/ajmer/delux-bakery-1-railway-quarters,,Bakery,3.0,4," 250/30, Lal Kothi, Kaisar Ganj, Railway Quarters Ajmer"
"food street Restaurant, Panchsheel Nagar",https://www.zomato.com/ajmer/food-street-panchsheel-nagar,150,Fast Food,3.0,4," City Square Mall, Rajiv Marg, A Block Panchsheel Colony, Panchsheel Nagar, Ajmer"
"restro food Restaurant, Panchsheel Nagar",https://www.zomato.com/ajmer/restro-food-1-panchsheel-nagar,250,"North Indian, Chinese, Fast Food",3.0,4," B-2, 3/89, Ganesh Guwadi Road, Panchsheel Nagar, Ajmer"
"kulcha street Restaurant, Ana Sagar Lake",https://www.zomato.com/ajmer/kulcha-street-ana-sagar-lake,200,North Indian,3.0,4," 7/10, Sardar Patel Marg, Kutchery Road, India Motor Circle, Ana Sagar Lake, Ajmer"
"thakurani da dhaba Restaurant, Ana Sagar Lake",https://www.zomato.com/ajmer/thakurani-da-dhaba-ana-sagar-lake,350,North Indian,2.9,55," Shop No. 24, Janana Hospital, Sikar Road, Ajmer"
"hotel gulab palace restaurant Restaurant, Boraj Kazipura",https://www.zomato.com/ajmer/hotel-gulab-palace-and-restaurant-boraj-kazipura,400,North Indian,2.9,7," 121/9, Opposite Sanskrit College, Near Delhi Gate, Dargah Bazaar, Boraj Kazipura, Ajmer"
"gaytri dosa centre Restaurant, Kotra",https://www.zomato.com/ajmer/gaytri-dosa-centre-kotra,100,South Indian,2.9,15," Near Ramnagar Government School, BK Kaul Nagar, Kotra, Ajmer"
"jannat restaurant Restaurant, Boraj Kazipura",https://www.zomato.com/ajmer/jannat-restaurant-boraj-kazipura,300,"Mughlai, North Indian",2.9,9," Kamani Gate, Dargah Bazar, Ajmer, Rajasthan"
"down town cafe restaurant Restaurant, Adarsh Nagar",https://www.zomato.com/ajmer/down-town-cafe-restaurant-adarsh-nagar,700,"North Indian, Chinese",2.9,4," Opposite SBI Bank, Adarsh Nagar, Ajmer"
"tea junction Restaurant, Ana Sagar Lake",https://www.zomato.com/ajmer/tea-junction-ana-sagar-lake,200,Cafe,2.9,4," Vaishali Nagar, Ana Sagar Lake, Ajmer"
"wakil chaat bhandar Restaurant, Boraj Kazipura",https://www.zomato.com/ajmer/wakil-chaat-bhandar-boraj-kazipura,50,Street Food,2.9,8," Dhan Mandi, Dargah Bazaar, Boraj Kazipura, Ajmer"
"sagar restaurant Restaurant, Boraj Kazipura",https://www.zomato.com/ajmer/sagar-restaurant-boraj-kazipura,300,North Indian,2.9,8," Dhan Mandi, Dargah Bazaar, Boraj Kazipura, Ajmer"
"jacob fast food Restaurant, Ram Ganj",https://www.zomato.com/ajmer/jacob-fast-food-1-ram-ganj,300,Fast Food,2.9,8," Jacob Villa, Near Bank of Baroda Gramin, Ramganj, Ajmer"
"sunny di hatti Restaurant, Railway Quarters ",https://www.zomato.com/ajmer/sunny-di-hatti-1-railway-quarters,100,North Indian,2.9,9," Chandumal, Pethe Wala Madar Gate, Railway Quarters, Ajmer"
"kesar food products Restaurant, Ana Sagar Lake",https://www.zomato.com/ajmer/kesar-food-products-ana-sagar-lake,200,"Pizza, Burger, Chinese, Italian, South Indian",2.9,5," 4-K 24, Housing Board, Vaishali Nagar, Ajmer"
"sukoon restaurant Restaurant, Boraj Kazipura",https://www.zomato.com/ajmer/sukoon-restaurant-boraj-kazipura,300,North Indian,2.9,4," Dhan Mandi, Dargah Bazaar, Boraj Kazipura, Ajmer"
"chandumal gagumal restaurant sweet store Restaurant, Railway Quarters ",https://www.zomato.com/ajmer/chandumal-gagumal-restaurant-and-sweet-store-railway-quarters,150,"Bakery, Mithai, North Indian",2.9,6," chandumal pethewala, madar gate, ajmer, Railway Quarters Ajmer"
"shivam sweets Restaurant, Ana Sagar Lake",https://www.zomato.com/ajmer/shivam-sweets-ana-sagar-lake,250,Mithai,2.9,5," Nagina Bagh, Lohagal Road, Ajmer"
"chai coffee charcha Restaurant, Panchsheel Nagar",https://www.zomato.com/ajmer/chai-coffee-charcha-panchsheel-nagar,500,Beverages,2.9,4," City Square Mall, Panchsheel Nagar, Ajmer"
"jai mohan bikaneri sweets Restaurant, Dhola Bhata Colony",https://www.zomato.com/ajmer/jai-mohan-bikaneri-sweets-dhola-bhata-colony,100,"Mithai, Street Food",2.9,4," Shrinagar Road, Dhola Bhata Colony, Ajmer"
"bharka devi ice cream Restaurant, Railway Quarters ",https://www.zomato.com/ajmer/bharka-devi-ice-cream-railway-quarters,150,"Beverages, Desserts",2.9,4," Diggi Bazar, Kesar Ganj, Railway Quarters Ajmer"
"royal thadi Restaurant, Kotra",https://www.zomato.com/ajmer/the-royal-thadi-kotra,100,Fast Food,2.8,18," Near Private bus stand, Nausar Ghati, Pushkar Road, Ajmer, Kotra, Ajmer"
"mamta cakes bakes Restaurant, Ram Ganj",https://www.zomato.com/ajmer/mamta-cakes-and-bakes-ram-ganj,150,"Fast Food, Bakery, Pizza",2.8,12," Opposite Doctor Khungar, Nearby Durga Temple, Ram Ganj, Ajmer"
"royal kebabs cafe restro Restaurant, Ana Sagar Lake",https://www.zomato.com/ajmer/royal-kebabs-cafe-restro-ana-sagar-lake,300,"North Indian, Chinese",2.8,9," Jaipur Road, Bhunabay, Ana Sagar Lake, Ajmer"
"real bakers Restaurant, Police Lines",https://www.zomato.com/ajmer/real-bakers-police-lines,350,Bakery,2.8,8," 114/3, Police Line, Ajmer"
"hotel atlantica Restaurant, Kotra",https://www.zomato.com/ajmer/hotel-atlantica-kotra,300,"North Indian, Fast Food",2.8,6," Near Mittal Hospital, Opposite Gyan Vihar Gate, B.K.kaul Nagar, Pushkar Road, Ajmer, Kotra, Ajmer"
"rawat garden restaurant Restaurant, Adarsh Nagar",https://www.zomato.com/ajmer/rawat-garden-and-restaurant-adarsh-nagar,300,North Indian,2.8,10," Nasirabad Road, Parbatpura, Adarsh Nagar, Ajmer"
"gabbar ka dhaba Restaurant, Adarsh Nagar",https://www.zomato.com/ajmer/gabbar-ka-dhaba-adarsh-nagar,250,North Indian,2.8,9," Somalpur Road, Bwadi, Near Chaure, Ajay Nagar, Adarsh Nagar, Ajmer"
"baba roasted chicken rolls corner Restaurant, Ana Sagar Lake",https://www.zomato.com/ajmer/baba-roasted-chicken-and-rolls-corner-ana-sagar-lake,250,"North Indian, BBQ",2.8,8," Near Railway station, Kutchery Road (Ajmer tower 2nd floor), Ajmer"
"t mos Restaurant, Ana Sagar Lake",https://www.zomato.com/ajmer/t-mos-ana-sagar-lake,550,North Indian,2.8,10," 362 A.C.R Yojna, Vaishali Nagar"
"steamin mugs Restaurant, Railway Quarters ",https://www.zomato.com/ajmer/steamin-mugs-railway-quarters,300,"Chinese, Beverages, Pizza",2.8,5," Shop 5, Dayanand Market, Kaiser Ganj Road, Railway Quarters Ajmer"
"mirch masala Restaurant, Police Lines",https://www.zomato.com/ajmer/mirch-masala-police-lines,650,"North Indian, Chinese, Fast Food",2.8,5," Jaipur Road, Kankariya, Near Police Lines, Ajmer"
"shri rajasthan sweets namkeen Restaurant, Railway Quarters ",https://www.zomato.com/ajmer/shri-rajasthan-sweets-and-namkeen-railway-quarters,200,"Mithai, Fast Food",2.8,5," Diggi Chowk, Diggi Bazar, Ajmer"
"mezbaan restaurant Restaurant, Boraj Kazipura",https://www.zomato.com/ajmer/mezbaan-restaurant-boraj-kazipura,250,North Indian,2.8,5," Langar Khaana, Dargah Sharif, Boraj Kazipura, Ajmer"
"tokri restaurant Restaurant, Railway Quarters ",https://www.zomato.com/ajmer/tokri-restaurant-railway-quarters,300,"North Indian, Chinese",2.8,5," Plot 1012/15, Near St Francis Hospital, Beawer Road, Railway Quarters Ajmer"
"chat chatore Restaurant, Ana Sagar Lake",https://www.zomato.com/ajmer/chat-chatore-ana-sagar-lake,250,Street Food,2.7,36," Shrinath Mall, Near Bajrang Garh, Ana Sagar Lake, Ajmer"
"menu restaurant Restaurant, Kotra",https://www.zomato.com/ajmer/menu-restaurant-kotra,550,North Indian,2.7,32," Opposite Gyan Vihal, BK Kaul Nagar, Kotra, Ajmer"
"mamta cake bakes Restaurant, Railway Quarters ",https://www.zomato.com/ajmer/mamta-cake-and-bakes-railway-quarters,300,Bakery,2.7,26," Opposite Railway Station, Madar Gate, Railway Quarters Ajmer"
"aroras mobile restaurant Restaurant, Ana Sagar Lake",https://www.zomato.com/ajmer/aroras-mobile-restaurant-ana-sagar-lake,400,North Indian,2.7,18," Opposite Yadav Complex, Makarwali Road, Vaishali Nagar, Ana Sagar Lake, Ajmer"
"kayanat restaurant Restaurant, Boraj Kazipura",https://www.zomato.com/ajmer/kayanat-restaurant-boraj-kazipura,400,Mughlai,2.7,13," Dargah Bazar, Boraj Kazipura, Ajmer"
"burger street Restaurant, Railway Quarters ",https://www.zomato.com/ajmer/burger-street-railway-quarters,300,"Burger, Fast Food, Beverages",2.7,10, H no 313 UIT colony Ajay nagar Ajmer Rajasthan 
"foody cart Restaurant, Dhola Bhata Colony",https://www.zomato.com/ajmer/foody-cart-dhola-bhata-colony,300,"North Indian, Fast Food",2.7,10," Railway Hospital Flyover, Issai Mohalla, Ajmer"
"nizams biryani Restaurant, Railway Quarters ",https://www.zomato.com/ajmer/nizams-biryani-railway-quarters,300,Biryani,2.7,5," Near Kake Di Hatti, Station Road, Railway Quarters Ajmer"
"new victory restaurant Restaurant, Ana Sagar Lake",https://www.zomato.com/ajmer/new-victory-restaurant-ana-sagar-lake,500,North Indian,2.7,5," Near Mittal Hospital, Pushkar Road, Ana Sagar Lake, Ajmer"
"shri ambika bhojanalaya Restaurant, Railway Quarters ",https://www.zomato.com/ajmer/shri-ambika-bhojanalaya-railway-quarters,150,"Street Food, Beverages, North Indian, Rajasthani",2.7,6," Opposite Railway Station, Madar Gate, Railway Quarters Ajmer"
"nakul food corner Restaurant, Railway Quarters ",https://www.zomato.com/ajmer/nakul-food-corner-railway-quarters,250,"Burger, Pizza, North Indian, Chinese",2.7,4," 22/185, Diggi Chowk, Sheetal Shadi Hall Ke Pas, Railway Quarters, Ajmer"
"rock n roll Restaurant, Ana Sagar Lake",https://www.zomato.com/ajmer/rock-n-roll-ana-sagar-lake,200,"Rolls, Fast Food, Street Food",2.7,4," Near Kakke Di Hatti, Urban Haat, Vaishali Nagar, Near Ana Sagar Lake, Ajmer"
"hot n cool Restaurant, Ana Sagar Lake",https://www.zomato.com/ajmer/hot-n-cool-ana-sagar-lake,250,"North Indian, Desserts, Burger",2.6,23," Near Vivan Honda Showroom, Vaishali Nagar Main Road, Ana Sagar Lake, Ajmer"
"ho ko Restaurant, Railway Quarters ",https://www.zomato.com/ajmer/ho-ko-railway-quarters,250,Fast Food,2.6,20," Gol Chakker, Kaiser Ganj, Railway Quarters Ajmer"
"havmor restaurant Restaurant, Ana Sagar Lake",https://www.zomato.com/ajmer/havmor-restaurant-ana-sagar-lake,800,"North Indian, Pizza, Biryani",2.3,79," 398/10, Vega The Mall (2nd Floor), Agrasen Circle, Jaipur Road"
"hot curries Restaurant, Ana Sagar Lake",https://www.zomato.com/ajmer/hot-curries-ana-sagar-lake-ajmer,250,"Roast Chicken, Mughlai, Chinese, Charcoal Chicken, Biryani, BBQ, Afghani, North Indian",-,," Shop No.1, Plot No. 7, Outside Baba Gopaldas Colony, Makadwali Road, Ajmer, Ana Sagar Lake, Ajmer"
"beans restaurant Restaurant, Ana Sagar Lake",https://www.zomato.com/ajmer/beans-restaurant-ana-sagar-lake,600,"North Indian, Chinese, Fast Food",-,," Paradizzo Resort, Jaipur Road, Ghoogra, Ana Sagar Lake, Ajmer"
"mothers kitchen Restaurant, Railway Quarters ",https://www.zomato.com/ajmer/mothers-kitchen-railway-quarters,200,"Fast Food, Sandwich",-,," House 14, Krishan Colony, Opposite Railway Hospital, Beawar Road, Railway Quarters Ajmer"
"madni darbar restaurant Restaurant, Railway Quarters ",https://www.zomato.com/ajmer/madni-darbar-restaurant-1-railway-quarters,800,"North Indian, Continental, Mughlai, Chinese",-,," Opposite Pandal, Lakhan Kotri,Ajmer"
"sky lounge Restaurant, Ram Ganj",https://www.zomato.com/ajmer/sky-lounge-ram-ganj,700,"North Indian, Chinese, Continental",-,," Roof top, top floor, at LN courtyard, Near Ram Ganj, Ajmer"
"maa vaishno corner Restaurant, Railway Quarters ",https://www.zomato.com/ajmer/maa-vaishno-corner-railway-quarters,100,Street Food,-,," Harish Chand Vakil Ke Niche, Kawandaspura, Railway Quarters Ajmer"
"bar code Restaurant, Ram Ganj",https://www.zomato.com/ajmer/bar-code-ram-ganj,600,"North Indian, Chinese, Continental",-,," Lohagal Road, Near Sbi Bank, Suraj Vihar Colony, 1st Floor at LN Courtyard Hotel, Near Ram Ganj, Ajmer"
"cafe royal lounge Restaurant, Ana Sagar Lake",https://www.zomato.com/ajmer/the-cafe-royal-lounge-ana-sagar-lake,300,"Chinese, Continental",-,," Opposite LIC Colony, Near Get Well Hospital, Vaishali Nagar, Ana Sagar Lake, Ajmer"
"your choice Restaurant, Adarsh Nagar",https://www.zomato.com/ajmer/your-choice-adarsh-nagar,250,"Fast Food, Beverages",-,," Nasirabad Road, Opposite Womens ITI College, Makhupura, Adarsh Nagar, Ajmer"
"aapni rasoi Restaurant, Hathi Khera",https://www.zomato.com/ajmer/aapni-rasoi-hathi-khera,300,"North Indian, Chinese, Continental, Italian",-,," 65, Radhey Shyam Haritage, Gota Colony, Foy Sagar Road, Boarj, Ajmer"
"frukost Restaurant, Ana Sagar Lake",https://www.zomato.com/ajmer/frukost-ana-sagar-lake,100,"North Indian, Fast Food",-,," Loveena Cottage, Opposite Roadways Bus Stand, Near Karim's Civil Lines, Ana Sagar Lake, Ajmer"
Royal Bakers,https://www.zomato.com/ajmer/royal-bakers-2-ana-sagar-lake,,"Bakery, Fast Food",3.5,23,"Near Hotel Manshingh, Opposite LIC Colony, Vaishali Naga, Ana Sagar Lake, Ajmer"
Domino's Pizza,https://www.zomato.com/ajmer/dominos-pizza-panchsheel-nagar,,"Pizza, Italian, Desserts",3.3,27,"City Square Mall, Makarwali Road, Panchsheel Nagar, Ajmer"
Manoj's Kake Di Hatti,https://www.zomato.com/ajmer/manojs-kake-di-hatti-railway-quarters,200,North Indian,3.0,96,"Opposite Railway Station, Railway Quarters, Ajmer"
Cake Hut,https://www.zomato.com/ajmer/cake-hut-ana-sagar-lake,400,Bakery,NEW,,
 Roll Junction,https://www.zomato.com/ajmer/roll-junction-ana-sagar-lake,200,"Rolls, Beverages",2.9,4,"Mewara Car Parking, Delhi Gate, Ana Sagar Lake, Ajmer"
Night Owl,https://www.zomato.com/ajmer/night-owl-ram-ganj,300,"Beverages, Fast Food, Desserts, Sandwich, Italian, Pizza, Bakery, Coffee",3.5,35,"Plot 7, Street 9, New Govind Nagar, Ram Ganj, Ajmer"
Cake Me,https://www.zomato.com/ajmer/cake-me-ana-sagar-lake,200,Bakery,-,0,"Shop no. 13 ganesh bakery, dargah Sharif road, dargah sharif ajmer"
Arora's Restaurant,https://www.zomato.com/ajmer/aroras-restaurant-railway-quarters,150,North Indian,3.4,19,"Agra Gate, Prithvi Raj Marg, Railway Quarters Ajmer"
Shri Laxmi Sweets,https://www.zomato.com/ajmer/shri-laxmi-sweets-ana-sagar-lake,300,Mithai,3.2,9,"Shop 1, Ground Floor, Hotel Ajmer In, Chudi Bazar, Ajmer"
Mast Mahadev Dhaba,https://www.zomato.com/ajmer/mast-mahadev-dhaba-kotra,300,"North Indian, Chinese, Rajasthani",3.0,26,"S 7, G.F Reganl Collage Choraha, Pushkar Road, Kotra, Ajmer"
