name,link,cost for 2,cuisines,ratings,reviews,address
"mahaveer dhaba Restaurant, Alwar Locality",https://www.zomato.com/alwar/mahaveer-dhaba-alwar-locality,150,North Indian,3.9,153," Bus Stand Road, Alwar, Alwar Locality, Alwar"
"rajawat hotel Restaurant, Alwar Locality",https://www.zomato.com/alwar/rajawat-hotel-alwar-locality,300,"North Indian, Mughlai",4.1,90," Moti Doongri opposite Prem Pavitra bhojnalaya Alwar, Alwar Locality, Alwar"
"ashokam bhojnalaya Restaurant, Alwar Locality",https://www.zomato.com/alwar/ashokam-bhojnalaya-alwar-locality,200,North Indian,3.9,110," In Front of Agarwal Dharamshala beside Oswal school Alwar, Alwar Locality, Alwar"
"shree mahaveer dhaba Restaurant, Alwar Locality",https://www.zomato.com/alwar/shree-mahaveer-dhaba-1-alwar-locality,150,North Indian,4.0,50," Bus Stand nearby Agarwal Dharamshala ke paas, Alwar Locality, Alwar"
"sai bakers Restaurant, Alwar Locality",https://www.zomato.com/alwar/sai-bakers-1-alwar-locality,200,"Street Food, Bakery, South Indian, Fast Food",4.2,125," Scheme No. 2, Plot No. 10, Shopping Centre, Lajpat Nagar, Alwar, Alwar, Rajasthan, 301001."
"praveen sai bakers fast food Restaurant, Alwar Locality",https://www.zomato.com/alwar/praveen-sai-bakers-fast-food-alwar-locality,350,"South Indian, Chinese, Fast Food, Bakery",4.0,71," 8, Manumarg, Alwar - 301001, Near Gurudwara, Alwar Locality, Alwar"
"mr chop shop Restaurant, Alwar Locality",https://www.zomato.com/alwar/mr-chop-shop-alwar-locality,200,"Rolls, Momos, North Indian, Fast Food",4.0,102," Cross point Mall, Jail Circle, Alwar Locality, Alwar"
"tija Restaurant, Alwar Locality",https://www.zomato.com/alwar/tija-alwar-locality,150,"Beverages, Burger, Sandwich, Street Food, Ice Cream",4.2,123," Nangli Circle, Alwar, Alwar Locality, Alwar"
"baba thakur das sons Restaurant, Alwar Locality",https://www.zomato.com/alwar/baba-thakur-das-sons-1-alwar-locality,200,Mithai,4.4,57," Shop no. 1, Ganpati Tower, Nangli Circle, Alwar, Alwar Locality, Alwar"
"new hindustani pavitra bhojanalya Restaurant, Alwar Locality",https://www.zomato.com/alwar/new-hindustani-pavitra-bhojanalya-alwar-locality,200,North Indian,4.0,45," Bhagat Singh circle Hanuman mandir, alwar, Alwar Locality, Alwar"
"selection point Restaurant, Alwar Locality",https://www.zomato.com/alwar/selection-point-alwar-locality,100,"Fast Food, Rolls, Pizza, Burger, Sandwich",3.9,58," Shop no. 4 Alkapuri Alwar, Alwar Locality, Alwar"
"ice n spices Restaurant, Alwar Locality",https://www.zomato.com/alwar/ice-n-spices-alwar-locality,650,"South Indian, Italian, Indian, Fast Food, Continental, Chinese",4.0,58," Company Bagh Road, Alwar - 301001, Ashok Circle, Nangli Circle, Opposite SBBJ ADB Branch, Alwar Locality, Alwar"
"sai bakers Restaurant, Alwar Locality",https://www.zomato.com/alwar/sai-bakers-alwar-locality,500,"Bakery, Fast Food, Pizza, Desserts, Burger",4.2,63," Opposite Gopal Talkies Alwar, Alwar Locality, Alwar"
"wat cafe Restaurant, Alwar Locality",https://www.zomato.com/alwar/wat-a-cafe-alwar-locality,150,"South Indian, North Indian, Italian, Fast Food, Chinese",3.4,37," 02, Near Manju Hospital, Neb Road, Mungaska, Alwar, Alwar Ward 42, Alwar (Rajasthan), - 301001, Alwar Locality, Alwar"
"dominos pizza Restaurant, Alwar Locality",https://www.zomato.com/alwar/dominos-pizza-alwar-locality,400,"Pizza, Fast Food",3.9,40," Jayanti Mall Nangli Circle Alwar, Alwar Locality, Alwar"
"mahaveer dhaba Restaurant, Alwar Locality",https://www.zomato.com/alwar/mahaveer-dhaba-alwar-locality,150,North Indian,3.9,153," Bus Stand Road, Alwar, Alwar Locality, Alwar"
"rajawat hotel Restaurant, Alwar Locality",https://www.zomato.com/alwar/rajawat-hotel-alwar-locality,300,"North Indian, Mughlai",4.1,90," Moti Doongri opposite Prem Pavitra bhojnalaya Alwar, Alwar Locality, Alwar"
"ashokam bhojnalaya Restaurant, Alwar Locality",https://www.zomato.com/alwar/ashokam-bhojnalaya-alwar-locality,200,North Indian,3.9,110," In Front of Agarwal Dharamshala beside Oswal school Alwar, Alwar Locality, Alwar"
"shree mahaveer dhaba Restaurant, Alwar Locality",https://www.zomato.com/alwar/shree-mahaveer-dhaba-1-alwar-locality,150,North Indian,4.0,50," Bus Stand nearby Agarwal Dharamshala ke paas, Alwar Locality, Alwar"
"sai bakers Restaurant, Alwar Locality",https://www.zomato.com/alwar/sai-bakers-1-alwar-locality,200,"Street Food, Bakery, South Indian, Fast Food",4.2,125," Scheme No. 2, Plot No. 10, Shopping Centre, Lajpat Nagar, Alwar, Alwar, Rajasthan, 301001."
"praveen sai bakers fast food Restaurant, Alwar Locality",https://www.zomato.com/alwar/praveen-sai-bakers-fast-food-alwar-locality,350,"South Indian, Chinese, Fast Food, Bakery",4.0,71," 8, Manumarg, Alwar - 301001, Near Gurudwara, Alwar Locality, Alwar"
"mr chop shop Restaurant, Alwar Locality",https://www.zomato.com/alwar/mr-chop-shop-alwar-locality,200,"Rolls, Momos, North Indian, Fast Food",4.0,102," Cross point Mall, Jail Circle, Alwar Locality, Alwar"
"tija Restaurant, Alwar Locality",https://www.zomato.com/alwar/tija-alwar-locality,150,"Beverages, Burger, Sandwich, Street Food, Ice Cream",4.2,123," Nangli Circle, Alwar, Alwar Locality, Alwar"
"baba thakur das sons Restaurant, Alwar Locality",https://www.zomato.com/alwar/baba-thakur-das-sons-1-alwar-locality,200,Mithai,4.4,57," Shop no. 1, Ganpati Tower, Nangli Circle, Alwar, Alwar Locality, Alwar"
"new hindustani pavitra bhojanalya Restaurant, Alwar Locality",https://www.zomato.com/alwar/new-hindustani-pavitra-bhojanalya-alwar-locality,200,North Indian,4.0,45," Bhagat Singh circle Hanuman mandir, alwar, Alwar Locality, Alwar"
"selection point Restaurant, Alwar Locality",https://www.zomato.com/alwar/selection-point-alwar-locality,100,"Fast Food, Rolls, Pizza, Burger, Sandwich",3.9,58," Shop no. 4 Alkapuri Alwar, Alwar Locality, Alwar"
"ice n spices Restaurant, Alwar Locality",https://www.zomato.com/alwar/ice-n-spices-alwar-locality,650,"South Indian, Italian, Indian, Fast Food, Continental, Chinese",4.0,58," Company Bagh Road, Alwar - 301001, Ashok Circle, Nangli Circle, Opposite SBBJ ADB Branch, Alwar Locality, Alwar"
"sai bakers Restaurant, Alwar Locality",https://www.zomato.com/alwar/sai-bakers-alwar-locality,500,"Bakery, Fast Food, Pizza, Desserts, Burger",4.2,63," Opposite Gopal Talkies Alwar, Alwar Locality, Alwar"
"wat cafe Restaurant, Alwar Locality",https://www.zomato.com/alwar/wat-a-cafe-alwar-locality,150,"South Indian, North Indian, Italian, Fast Food, Chinese",3.4,37," 02, Near Manju Hospital, Neb Road, Mungaska, Alwar, Alwar Ward 42, Alwar (Rajasthan), - 301001, Alwar Locality, Alwar"
"dominos pizza Restaurant, Alwar Locality",https://www.zomato.com/alwar/dominos-pizza-alwar-locality,400,"Pizza, Fast Food",3.9,40," Jayanti Mall Nangli Circle Alwar, Alwar Locality, Alwar"
"rj 02 Restaurant, Alwar Locality",https://www.zomato.com/alwar/rj-02-alwar-locality,450,"Italian, Indian, Chinese",3.7,46," RJ02, Near cross point mall, alwar"
"gigil restaurant Restaurant, Alwar Locality",https://www.zomato.com/alwar/gigil-restaurant-alwar-locality,450,"South Indian, North Indian, Chinese, Continental, Indian, Italian",3.6,31," 4, Motidungri, Alwar, Alwar Locality, Alwar"
"prem pavitra bhojnalaya Restaurant, Alwar Locality",https://www.zomato.com/alwar/prem-pavitra-bhojnalaya-1-alwar-locality,600,Indian,-,," 35 B Shri Hans Tower, Motidoongri, Alwar - 301002, Alwar Locality, Alwar"
"bibo Restaurant, Alwar Locality",https://www.zomato.com/alwar/bibo-alwar-locality,650,"North Indian, Pizza, Burger, Sandwich",4.0,40," 60, Pushp Tower, Aerodrum Road, Opposite Daudpur Fatak, Alwar Locality, Alwar"
"hanuman pavitra dhaba Restaurant, Alwar Locality",https://www.zomato.com/alwar/hanuman-pavitra-dhaba-alwar-locality,250,North Indian,4.1,36," Near Agarwal Dharamshala, Bus Stand Rd., Alwar, Alwar Locality, Alwar"
"cool home family restaurant Restaurant, Alwar Locality",https://www.zomato.com/alwar/cool-home-family-restaurant-alwar-locality,500,"North Indian, Chinese, Biryani",4.2,37," 42, Scheme No 3, Alwar - 301001, Opp. Step By Step School, Nr. Ambedkar Circle, Alwar Locality, Alwar"
"prem pavitra bhojnalaya Restaurant, Alwar Locality",https://www.zomato.com/alwar/prem-pavitra-bhojnalaya-alwar-locality,300,North Indian,-,," Alwar Bus Stand, Alwar - 301001, Old Bus Stand, Near Main Market, Alwar Locality, Alwar"
"foji raj dhaba Restaurant, Alwar Locality",https://www.zomato.com/alwar/foji-raj-dhaba-alwar-locality,300,"Rajasthani, North Indian, Chinese",4.1,35," Roopbass, Nr. Over bridge, Alwar, Alwar Locality, Alwar"
"ashi kiran food court Restaurant, Alwar Locality",https://www.zomato.com/alwar/ashi-kiran-food-court-alwar-locality,150,Fast Food,4.2,28," 57, Scheme no. 1, Alwar, Alwar Locality, Alwar"
"chefs choice Restaurant, Alwar Locality",https://www.zomato.com/alwar/chefs-choice-alwar-locality,250,"Indian, Pizza, Chinese",3.7,32," 34, Shiv Complex, behind Cross Point Mall, Alwar, Alwar Locality, Alwar"
"f3 cafe friends food fun Restaurant, Alwar Locality",https://www.zomato.com/alwar/f3-cafe-friends-food-fun-alwar-locality,550,"Chinese, Fast Food, Beverages, Desserts",3.8,30," Plot No.1, Manu Marg, Kabir Colony, Alwar, Rajasthan 301001"
"yumla Restaurant, Alwar Locality",https://www.zomato.com/alwar/yumla-alwar-locality,300,"Burger, Fast Food, Sandwich, Wraps",3.8,25," Shop 21, Near Easyday, Scheme 2, Alwar Locality, Alwar"
"choudhary pavitra bhojanlaya Restaurant, Alwar Locality",https://www.zomato.com/alwar/choudhary-pavitra-bhojanlaya-alwar-locality,200,North Indian,4.0,37," Old Station Road, Opp. Railway Station, Alwar, Alwar Locality, Alwar"
"mj hotel restaurant Restaurant, Alwar Locality",https://www.zomato.com/alwar/mj-hotel-and-restaurant-alwar-locality,300,Indian,-,," Opposite Bus Stand near control room Alwar, Alwar Locality, Alwar"
"laziz pizza Restaurant, Alwar Locality",https://www.zomato.com/alwar/laziz-pizza-alwar-locality,350,Italian,3.9,33," Jangid Bhawan, Opp. Ganpati Towar, Alwar - 301001, Near Nangli Circle, Near Jodhpur Sweet, Alwar Locality, Alwar"
"curry point Restaurant, Alwar Locality",https://www.zomato.com/alwar/the-curry-point-alwar-locality,300,"BBQ, Chinese, Mughlai, North Indian",3.9,17," LGF 14-15, Capital Galleria Manu Marg, alwar, Alwar Locality, Alwar"
"sagar sweets Restaurant, Alwar Locality",https://www.zomato.com/alwar/sagar-sweets-1-alwar-locality,200,"Mithai, Fast Food",4.3,30," Shop No. 3, Wonder Mall, Behind Company Bagh, Alwar, Alwar Locality, Alwar"
"shri shyam fast food Restaurant, Alwar Locality",https://www.zomato.com/alwar/shri-shyam-fast-food-1-alwar-locality,100,Fast Food,3.9,20," 187, Adarsh Colony, Daudpur, Alwar, Alwar (Rajasthan), - 301001, Alwar Locality, Alwar"
"tuk tuk take away Restaurant, Alwar Locality",https://www.zomato.com/alwar/tuk-tuk-take-away-alwar-locality,200,"Beverages, Chinese, Continental, Fast Food, Healthy Food, Italian, Mexican, South Indian",3.9,48," shop no 21, near kawlity bakery, scheme 2 lajpat nagar, alwar, Alwar Locality, Alwar"
"pizza hut Restaurant, Alwar Locality",https://www.zomato.com/alwar/pizza-hut-alwar-locality,600,"Pizza, Desserts",4.0,18," Ground Floor, Cross point Mall, Alwar Locality, Alwar"
"upkar cafe Restaurant, Alwar Locality",https://www.zomato.com/alwar/upkar-cafe-alwar-locality,10,Fast Food,-,," Moti Doongri road Alwar, Alwar Locality, Alwar"
"bheru bux devi sahai dairy Restaurant, Alwar Locality",https://www.zomato.com/alwar/bheru-bux-devi-sahai-dairy-alwar-locality,300,"Mithai, Fast Food",4.2,24," Nr. PNB, Vijay Nagar, Alwar, Alwar Locality, Alwar"
"creative chat bazaar desi rasoi Restaurant, Alwar Locality",https://www.zomato.com/alwar/creative-chat-bazaar-desi-rasoi-alwar-locality,400,"North Indian, Chinese, Fast Food, Desserts",3.8,21," Shop No 5 Manna ka road, purana city hospital ke pass daudpur ,alwar (Rajasthan)"
"gigil cafe Restaurant, Alwar Locality",https://www.zomato.com/alwar/gigil-cafe-alwar-locality,300,"Italian, Chinese, Cafe",3.5,16," 4, Motidungri, Alwar, Alwar Locality, Alwar"
"bakers studio Restaurant, Alwar Locality",https://www.zomato.com/alwar/bakers-studio-alwar-locality,600,Fast Food,-,," 30, Manu Marg alwar, Alwar Locality, Alwar"
"inderlok classic Restaurant, Alwar Locality",https://www.zomato.com/alwar/inderlok-classic-alwar-locality,250,Indian,3.7,22," Ashoka Circle, Company Bagh Road, Alwar - 301001, Alwar Locality, Alwar"
"modern super fast roll burger hub Restaurant, Alwar Locality",https://www.zomato.com/alwar/modern-super-fast-roll-and-burger-hub-alwar-locality,300,"Rolls, Burger, Fast Food",-,," Balaji Bhavan, Shaji Ka Kua, Bus Stand Road, Jyoti Rao Fule Circle, Alwar Locality, Alwar"
"gazal restaurant Restaurant, Alwar Locality",https://www.zomato.com/alwar/gazal-restaurant-1-alwar-locality,700,North Indian,4.0,20," Opp. Easy day, Scheme no. 2, Alwar, Alwar Locality, Alwar"
"pavna o palace restaurant Restaurant, Alwar Locality",https://www.zomato.com/alwar/pavna-o-palace-restaurant-alwar-locality,400,"Chinese, Fast Food, Desserts",3.7,16," Shanti Kunj, Malviya Nagar, Alwar - 301001, Alwar Locality, Alwar"
"golden spoon Restaurant, Alwar Locality",https://www.zomato.com/alwar/golden-spoon-alwar-locality,,"North Indian, Chinese, Fast Food",3.9,14," 464, Scheme No. 2, Alwar - 301001, Scheme No. 2, Behind Easy Day, Alwar Locality, Alwar"
"jitters Restaurant, Alwar Locality",https://www.zomato.com/alwar/jitters-alwar-locality,150,"Desserts, Coffee, Cafe, Beverages",3.6,11," Ajanta Electronics, Nangli Circle, Next to Tija, Alwar Ward 18, Alwar (Rajasthan)., Alwar Locality, Alwar"
"hotel nirwana palace Restaurant, Alwar Locality",https://www.zomato.com/alwar/hotel-nirwana-palace-alwar-locality,"1,000","Italian, Indian, Continental, Chinese",3.9,17," Nr. Over bridge Pratap Bass Barf Khana road, Alwar, Alwar Locality, Alwar"
"hind mishtan bhandar Restaurant, Alwar Locality",https://www.zomato.com/alwar/hind-mishtan-bhandar-alwar-locality,200,Mithai,4.2,9," PNB bank, Vijay nagar, cornar Vijay mandir road, Alwar Locality, Alwar"
"raj tadka Restaurant, Alwar Locality",https://www.zomato.com/alwar/raj-tadka-8-alwar-locality,200,"Cafe, North Indian, Afghan",4.1,17," Opp Hanuman Mandir, Gaytri MandirRoad, Alwar, Alwar Locality, Alwar"
"pearl restaurant banquet hall Restaurant, Alwar Locality",https://www.zomato.com/alwar/pearl-restaurant-banquet-hall-alwar-locality,620,Indian,4.0,13," C 82-83, Hasan Kha, Alwar - 301001, Alwar Locality, Alwar"
"hotel grand ashoka Restaurant, Alwar Locality",https://www.zomato.com/alwar/hotel-grand-ashoka-alwar-locality,650,"North Indian, Chinese, Fast Food",3.6,19," Rajgarh Biwadi Bypass Road, Ambedkar Nagar, Alwar - 301001, Alwar Locality, Alwar"
"baba da paratha Restaurant, Alwar Locality",https://www.zomato.com/alwar/baba-da-paratha-alwar-locality,15,Indian,-,," Shop No 1 agarwal,dharamshala,alware,alwar ward 19,alwar"
"sahiba restaurant Restaurant, Alwar Locality",https://www.zomato.com/alwar/sahiba-restaurant-alwar-locality,400,"North Indian, Chinese, Salad, South Indian, Continental, Pizza, Sandwich, Beverages",3.7,13," Shop Number 146, Manu Marg, Mani Ka Bar, Alwar - 301001, Near Tata Docomo Service Center, Alwar Locality, Alwar"
"scoopers Restaurant, Alwar Locality",https://www.zomato.com/alwar/scoopers-alwar-locality,200,Ice Cream,4.4,14," Shop No.1 Nangli Circle City centre Alwar, Alwar Locality, Alwar"
"facebook fastfood Restaurant, Alwar Locality",https://www.zomato.com/alwar/facebook-fastfood-alwar-locality,100,Fast Food,4.2,17," Jail chowk, opp. Crosspoint Mall, Alwar, Alwar Locality, Alwar"
"forestra Restaurant, Alwar Locality",https://www.zomato.com/alwar/forestra-alwar-locality,400,"Italian, Indian, Continental, Chinese",3.6,12," 1st Floor Jayanti Mall, Ashok Circle, Alwar Locality, Alwar"
"taste 4u bakers Restaurant, Alwar Locality",https://www.zomato.com/alwar/taste-4u-bakers-alwar-locality,150,"Fast Food, Bakery",4.0,14," Near Bal Vihar School, Opposite Company Garden, 1st Gate, Alwar Locality, Alwar"
"face food cafe Restaurant, Alwar Locality",https://www.zomato.com/alwar/face-food-cafe-alwar-locality,150,"Chinese, Fast Food",-,," Opp. Bank Of Baroda , Vijay Nagar , Alwar , Rajasthan - 301001"
"chop shop Restaurant, Alwar Locality",https://www.zomato.com/alwar/chop-shop-alwar-locality,200,Fast Food,3.5,9," Daudpur Fatak, Drum Road, Alwar, Alwar Ward 43, Alwar (Rajasthan)"
"chopras fast food Restaurant, Alwar Locality",https://www.zomato.com/alwar/chopras-fast-food-2-alwar-locality,150,"Fast Food, Chinese",3.5,6," Shop 16, Scheme 2, Alwar Locality, Alwar"
"sportz cafe Restaurant, Alwar Locality",https://www.zomato.com/alwar/sportz-cafe-alwar-locality,300,"Italian, Chinese",-,," 14, Scheme no. 1, opp. YES Bank, Nr. Bhagat singh circle, under metro shoes, Alwar, Alwar Locality, Alwar"
"public cafe Restaurant, Alwar Locality",https://www.zomato.com/alwar/public-cafe-alwar-locality,150,"Cafe Food, Chinese, Continental",-,," Kiosk no. 1, Gate no. 2, Wonder Mall, Alwar, Alwar Locality, Alwar"
"khandelwal pavitra bhojanlaya Restaurant, Alwar Locality",https://www.zomato.com/alwar/khandelwal-pavitra-bhojanlaya-alwar-locality,200,North Indian,3.8,11," Old Station Road, Alwar, Alwar Locality, Alwar"
"mr chop shop Restaurant, Alwar Locality",https://www.zomato.com/alwar/mr-chop-shop-1-alwar-locality,200,"North Indian, Indian",-,," Cross point Mall, Jail Circle, Alwar Locality, Alwar"
"sadda farzi cafe Restaurant, Alwar Locality",https://www.zomato.com/alwar/sadda-farzi-cafe-alwar-locality,500,"Sandwich, Burger, Fast Food, Chinese, Bakery",NEW,," Shop 3, Royal Square Building, Near New Tourist Hotel, Manu Marg, Alwar Locality, Alwar"
"chop shop classic Restaurant, Alwar Locality",https://www.zomato.com/alwar/chop-shop-classic-alwar-locality,250,Mughlai,3.9,14," Lajpat Nagar, Aerodrome Road, Alwar - 301001, Alwar Locality, Alwar"
"refresh food plaza Restaurant, Alwar Locality",https://www.zomato.com/alwar/refresh-food-plaza-1-alwar-locality,200,"North Indian, Fast Food",3.4,11," Food Plaza, Platform no. 1, Railway Station, Alwar, Alwar Locality, Alwar"
"rich rich vegrestaurant Restaurant, Alwar Locality",https://www.zomato.com/alwar/rich-rich-veg-restaurant-alwar-locality,150,"Ice Cream, Fast Food",4.1,11," Klassic 1, Nagli Cir, Nehru Garden Road, Hamirpur, Alwar - 301001, Opposite Radha Krishan Temple, Alwar Locality, Alwar"
"scoopers Restaurant, Alwar Locality",https://www.zomato.com/alwar/scoopers-1-alwar-locality,400,Ice Cream,4.1,10," Shop No. 14 Ground Floor, Cross point Mall Alwar, Alwar Locality, Alwar"
"jagdish chicken corner Restaurant, Alwar Locality",https://www.zomato.com/alwar/jagdish-chicken-corner-alwar-locality,250,Mughlai,3.7,6," S No-13, Alwar - 301001, Ram Krishna Mkt, General Hospital, Ram Ganj, Alwar Locality, Alwar"
"al lazeez restaurant  Restaurant, Alwar Locality",https://www.zomato.com/alwar/al-lazeez-restaurant-alwar-locality,300,"North Indian, Mughlai, Rajasthani",-,," P.N.3, Near Gate No.3, Apna Ghar Shalimar, Main Alwar Bhiwadi Road, Alwar, Alwar (Rajasthan) - 301001, Alwar Locality, Alwar"
"jolly belly Restaurant, Alwar Locality",https://www.zomato.com/alwar/jolly-belly-1-alwar-locality,200,"South Indian, Italian, Fast Food, Chinese",3.6,11," Nr. Nangli Circle, Alwar, Alwar Locality, Alwar"
"city platform Restaurant, Alwar Locality",https://www.zomato.com/alwar/city-platform-alwar-locality,350,"Italian, South Indian, Chinese, Fast Food",3.6,12," 1st floor upon Kwality Bakery, Scheme 2, Alwar, Alwar Locality, Alwar"
"imperial hotel Restaurant, Alwar Locality",https://www.zomato.com/alwar/imperial-hotel-alwar-locality,300,"North Indian, Mughlai",4.0,8," 1, Manu Marg, Alwar, Alwar Locality, Alwar"
"hotel moti doongri palace Restaurant, Alwar Locality",https://www.zomato.com/alwar/hotel-moti-doongri-palace-alwar-locality,,"South Indian, Indian",3.5,12," Moti Doongri Alwar, Alwar Locality, Alwar"
"headquarter cafe restro h/q  Restaurant, Alwar Locality",https://www.zomato.com/alwar/headquarter-cafe-restro-h-q-alwar-locality,250,"Cafe, North Indian",3.9,9," 31, Saroj tower, opportunity.ICICI, Bhagat Singh, Alwar, Alwar Locality, Alwar"
"amul parlour Restaurant, Alwar Locality",https://www.zomato.com/alwar/amul-parlour-alwar-locality,150,"Ice Cream, Fast Food",3.5,8," 21B Manu Marg, Alwar, Alwar Locality,Alwar"
"city heart bakers Restaurant, Alwar Locality",https://www.zomato.com/alwar/city-heart-bakers-alwar-locality,200,"Bakery, Fast Food",3.7,9," Scheme 2, Lajpat Nagar, Opposite Easy Day Main Road, Alwar Locality, Alwar"
"khalsa veg non veg dhaba Restaurant, Alwar Locality",https://www.zomato.com/alwar/khalsa-veg-and-non-veg-dhaba-alwar-locality,250,North Indian,3.8,7," 54, Tejmandi Near Purani truck Union, Alwar, Alwar Locality, Alwar"
"eatwell bakery confectionery Restaurant, Alwar Locality",https://www.zomato.com/alwar/eatwell-bakery-confectionery-alwar-locality,350,"Fast Food, Desserts",-,," Opposite company Bagh Alwar, Alwar Locality, Alwar"
"gandhi juice shakes Restaurant, Alwar Locality",https://www.zomato.com/alwar/gandhi-juice-and-shakes-alwar-locality,100,Juices,3.9,11," Ashoka Talkies Vivekananda Chowk alwar, Alwar Locality, Alwar"
"chinese hut fast food corner Restaurant, Alwar Locality",https://www.zomato.com/alwar/chinese-hut-fast-food-corner-alwar-locality,150,Fast Food,-,," Shivaji Park main road Alwar, Alwar Locality, Alwar"
"cygnett lite restaurant Restaurant, Alwar Locality",https://www.zomato.com/alwar/cygnett-lite-restaurant-alwar-locality,600,"North Indian, Mughlai, Indian, Afghan",3.4,8," ï¿¼ Near samola circle, alwar- rajgarh bypass 200 feet road, Roopbas, Alwar, Rajasthan 301001, Alwar Locality, Alwar"
"chopra fast food Restaurant, Alwar Locality",https://www.zomato.com/alwar/chopra-fast-food-alwar-locality,200,Chinese,3.7,9," scheme no.2, near Mohan gas agency lajpat nagar alwar, Alwar Locality, Alwar"
"laxmi misthan bhandar Restaurant, Alwar Locality",https://www.zomato.com/alwar/laxmi-misthan-bhandar-alwar-locality,300,"Mithai, Fast Food",3.7,7," Bajaja Bajar, Alwar, Alwar Locality, Alwar"
"patties king Restaurant, Alwar Locality",https://www.zomato.com/alwar/patties-king-alwar-locality,350,"Fast Food, Pizza, Rolls, Sandwich, Beverages",3.7,10," Shop no 40, Alkapuri Shopping Complex Alwar, Alwar Locality, Alwar"
"bakery palace Restaurant, Alwar Locality",https://www.zomato.com/alwar/bakery-palace-alwar-locality,100,Bakery,3.6,6," 95, Shiv Complex, opp. Dushera Ground, Alwar, Alwar Locality, Alwar"
"arora g chop shop Restaurant, Alwar Locality",https://www.zomato.com/alwar/arora-g-chop-shop-alwar-locality,200,"Chinese, Fast Food",3.9,11," Shop No. 6 Next to Mohan Gas, Lajpat Nagar, Scheme No.2, Alwar, Alwar Locality, Alwar"
"yes cafe restaurant Restaurant, Alwar Locality",https://www.zomato.com/alwar/yes-cafe-and-restaurant-1-alwar-locality,250,North Indian,3.5,5," Harshil Tower, 29, Naru Marg, Near Bharat Cinema, Alwar, Alwar Locality, Alwar"
"mathura kachori Restaurant, Alwar Locality",https://www.zomato.com/alwar/mathura-kachori-alwar-locality,50,"Fast Food, Street Food",3.6,5," Hope Circus, Near Nitin Hosiery, Alwar, Rajasthan - 301001."
"shakes india Restaurant, Alwar Locality",https://www.zomato.com/alwar/shakes-of-india-8-alwar-locality,250,Beverages,3.4,8," 4, Shri Ram Market, Company Bagh Bypass Road Alwar Locality, Alwar"
"coffee world cafe Restaurant, Alwar Locality",https://www.zomato.com/alwar/coffee-world-cafe-alwar-locality,350,"Cafe, Pizza, Sandwich",-,," UG-10 Wonder Mall, Behind Company Bagh Alwar, Alwar Locality, Alwar"
"fusion cafe Restaurant, Alwar Locality",https://www.zomato.com/alwar/fusion-cafe-alwar-locality,200,"Cafe, Chinese, North Indian",3.6,5," Bus Stand Rd, Moti Doongri, Alwar, Rajasthan 301001"
"santosh fast food Restaurant, Alwar Locality",https://www.zomato.com/alwar/santosh-fast-food-alwar-locality,150,Fast Food,3.5,8," Vivekananda Nagar, Alwar, Alwar Locality, Alwar"
"hut family restaurant Restaurant, Alwar Locality",https://www.zomato.com/alwar/the-hut-family-restaurant-alwar-locality,300,"Indian, Fast Food",3.8,8," 14 Moti Doongri nearby Rajiv Gandhi park Alwar, Alwar Locality, Alwar"
"capsicum restaurant Restaurant, Alwar Locality",https://www.zomato.com/alwar/capsicum-restaurant-alwar-locality,500,"Burger, Sandwich, Chinese",3.5,9," Shiv Complex, Alwar - 301001, Near Cross Point Mall, Alwar Locality, Alwar"
"brothers food court Restaurant, Alwar Locality",https://www.zomato.com/alwar/brothers-food-court-alwar-locality,100,"Fast Food, Chinese, Momos, Rolls, Sandwich",3.4,5," Shop No. 27, Scheme No. 2, Lajpat Nagar, Alwar., Alwar Locality, Alwar"
"kabab curry express Restaurant, Alwar Locality",https://www.zomato.com/alwar/kabab-curry-and-express-alwar-locality,250,North Indian,3.4,5," 19, Moti Dungari Alwar, Alwar (Rajasthan), Alwar Locality, Alwar"
"giani ice cream Restaurant, Alwar Locality",https://www.zomato.com/alwar/giani-ice-cream-alwar-locality,200,"Desserts, Ice Cream",3.7,8," 28, Lajpat Nagar Vijay Mandir Road Alwar, Alwar Locality, Alwar"
"de pizza planet Restaurant, Alwar Locality",https://www.zomato.com/alwar/de-pizza-planet-alwar-locality,200,"Fast Food, Pizza, Beverages",3.4,5," Shop No. DLGF-20, Capital Galleriya Mall, Manu Marg, Alwar, Alwar Locality, Alwar"
"panchi petha Restaurant, Alwar Locality",https://www.zomato.com/alwar/panchi-petha-alwar-locality,300,Mithai,3.8,8," Shop no. 7, City Centre, Nangli Circle, Alwar Locality, Alwar"
"sp food plaza Restaurant, Alwar Locality",https://www.zomato.com/alwar/s-p-food-plaza-alwar-locality,100,Fast Food,3.6,5," Shop No.44 Alkapuri, shopping Complex, alwar, Alwar Locality, Alwar"
"china town Restaurant, Alwar Locality",https://www.zomato.com/alwar/china-town-alwar-locality,200,"South Indian, Fast Food",-,," Nehru Garden RR College road alwar, Alwar Locality, Alwar"
"nest cafe sparrow inn Restaurant, Alwar Locality",https://www.zomato.com/alwar/nest-cafe-sparrow-inn-alwar-locality,750,"Mughlai, North Indian",3.4,2," Opposite PNB Bank Manu Marg Alwar, Alwar Locality, Alwar"
"kwality bakery Restaurant, Alwar Locality",https://www.zomato.com/alwar/kwality-bakery-4-alwar-locality,150,Bakery,-,," Shop Number 22 Scheme 2 Lajpat Nagar, Alwar Locality, Alwar"
"love care cafe restaurant Restaurant, Alwar Locality",https://www.zomato.com/alwar/love-care-cafe-restaurant-alwar-locality,350,"Ice Cream, Fast Food, Coffee",-,," Plot no. 42, Shiv Complex, Jail Circle, Alwar, Alwar Locality, Alwar"
"ananta Restaurant, Alwar Locality",https://www.zomato.com/alwar/ananta-alwar-locality,150,"Street Food, Fast Food",3.8,6," Shop No.5, Tilak Market, Kallu Para, Alwar Locality, Alwar"
"panchhi petha Restaurant, Alwar Locality",https://www.zomato.com/alwar/panchhi-petha-alwar-locality,200,Mithai,3.4,7," Kashiram circle road no 2, alwar, Alwar Locality, Alwar"
"m king pizza company Restaurant, Alwar Locality",https://www.zomato.com/alwar/m-king-pizza-company-alwar-locality,250,Italian,3.8,7," Shop :B-FF 01, 1st Floor, Capital Galleria Mall, Manu Marg, Alwar, Alwar Locality, Alwar"
"kalcutta roll express Restaurant, Alwar Locality",https://www.zomato.com/alwar/kalcutta-roll-express-1-alwar-locality,100,Fast Food,3.2,5," Gayatri Mandir Road, Karoli Kund, Alwar, Alwar, Alwar (Rajasthan) - 301001, Alwar Locality, Alwar"
"mr chop shop scheme no 2  Restaurant, Alwar Locality",https://www.zomato.com/alwar/mr-chop-shop-scheme-no-2-alwar-locality,200,"Kebab, Mughlai, North Indian",3.6,4," Scheme No. 2, Alwar, Alwar Ward 37, Alwar (Rajasthan), - 301001., Alwar Locality, Alwar"
"mr tea Restaurant, Alwar Locality",https://www.zomato.com/alwar/mr-tea-alwar-locality,100,"Beverages, Burger, Cafe, Chinese, Coffee, Fast Food, Sandwich",3.2,4," Kothi 3, In Front Of Mahavar Hostel And SBI Bank, Nangali Circle, Alwar, Alwar Locality, Alwar"
"godamba Restaurant, Alwar Locality",https://www.zomato.com/alwar/godamba-alwar-locality,280,"South Indian, North Indian, Desserts, Continental, Chinese",3.4,4," 1, Ashok Vihar, Alwar - 301001, Opp.cross Point Mall, Alwar Locality, Alwar"
"reddy Restaurant, Alwar Locality",https://www.zomato.com/alwar/reddy-alwar-locality,100,Chinese,3.9,7," Nehru Garden Road Alwar, Alwar Locality, Alwar"
"hotel aravali clarks inn Restaurant, Alwar Locality",https://www.zomato.com/alwar/hotel-aravali-clarks-inn-alwar-locality,600,"South Indian, North Indian, Mughlai, Indian, Chinese, Afghan",3.4,5," Near Railway Station Alwar, Alwar Locality, Alwar"
"jinansh ice cream food corner Restaurant, Alwar Locality",https://www.zomato.com/alwar/jinansh-ice-cream-food-corner-alwar-locality,200,"Bakery, Fast Food",3.7,6," 5/224 Kala Kuan near Navjeevan Hospital, Alwar Locality, Alwar"
"shivam dhaba Restaurant, Alwar Locality",https://www.zomato.com/alwar/shivam-dhaba-alwar-locality,120,North Indian,3.6,5," House No. 89 Scheme No. 2 Alwar Rajasthan, Alwar, Alwar (Rajasthan), - 301001, Alwar Locality, Alwar"
"dicky Restaurant, Alwar Locality",https://www.zomato.com/alwar/dicky-alwar-locality,200,Fast Food,3.6,6," Shop no 32, opp Mohan gas Scheme no 2, alwar, Alwar Locality, Alwar"
"havmore cafe Restaurant, Alwar Locality",https://www.zomato.com/alwar/havmore-cafe-alwar-locality,200,Fast Food,3.4,5," 5/224, Kala Kuan Housing Board"
"star baikers juice Restaurant, Alwar Locality",https://www.zomato.com/alwar/star-baikers-and-juice-alwar-locality,100,Bakery,3.7,6," 31B, Jawahar Nagar, Mungaska, alwar, Alwar Locality, Alwar"
"shree krishna juice center Restaurant, Alwar Locality",https://www.zomato.com/alwar/shree-krishna-juice-center-alwar-locality,100,"Beverages, Juices",3.4,5," Opp. - Tehsil Alwar, Alwar Ward 10, Alwar (Rajasthan)., Alwar Locality, Alwar"
"white sugar restaurant Restaurant, Alwar Locality",https://www.zomato.com/alwar/white-sugar-restaurant-alwar-locality,250,"Beverages, Burger, Cafe, Chinese, Coffee, Continental, Fast Food, North Indian",3.4,4," 36 Ashok Vihar (Pinni Tower) Tijara Road In Front Of Petrol Pump, Alwar, Rajasthan, Alwar Ward 48, Alwar (Rajasthan)., Alwar Locality, Alwar"
"pandit ji pakodi wale Restaurant, Alwar Locality",https://www.zomato.com/alwar/pandit-ji-pakodi-wale-alwar-locality,100,Street Food,3.4,3," Kashiram Circle, Alwar - 301001, Alwar Locality, Alwar"
"cafe connect Restaurant, Alwar Locality",https://www.zomato.com/alwar/cafe-connect-1-alwar-locality,300,"South Indian, Chinese, Fast Food, Beverages",3.5,6," Cross Point Mall, Jail Circle, Alwar, Alwar Locality, Alwar"
"lapar lapar Restaurant, Alwar Locality",https://www.zomato.com/alwar/lapar-lapar-alwar-locality,250,"North Indian, Fast Food",-,," Shop No.251, scheme no 2, alwar, Alwar Locality, Alwar"
"upkar gajak corner Restaurant, Alwar Locality",https://www.zomato.com/alwar/upkar-gajak-corner-alwar-locality,100,"Ice Cream, Fast Food",3.8,3," Near Eshika Jewellers, 125, Vijay Mandir Rd, Shivaji Park, Alwar, Rajasthan 301001"
"top n town ice cream parlour Restaurant, Alwar Locality",https://www.zomato.com/alwar/top-n-town-ice-cream-parlour-alwar-locality,200,"Ice Cream, Fast Food",3.9,4," Bhagat Singh Circle, Alwar, Alwar Locality, Alwar"
"rama kisn tiffin center Restaurant, Alwar Locality",https://www.zomato.com/alwar/rama-kisn-tiffin-center-alwar-locality,100,North Indian,-,," 46, Janta Colony, Mungaska, Alwar, Alwar Ward 34, Alwar., Alwar Locality, Alwar"
"ashoka hotel Restaurant, Alwar Locality",https://www.zomato.com/alwar/ashoka-hotel-alwar-locality,600,"North Indian, Mughlai",3.7,4," Near PNB bank Manu Marg Alwar, Alwar Locality, Alwar"
"shiva chinese hub Restaurant, Alwar Locality",https://www.zomato.com/alwar/shiva-chinese-hub-alwar-locality,200,Chinese,-,," Jail circle, Vijay Mandir Road, Nr. Nexa Showroom, Alwar, Alwar Locality, Alwar"
"lemonade unit sanjay square  Restaurant, Alwar Locality",https://www.zomato.com/alwar/lemonade-a-unit-of-sanjay-square-alwar-locality,350,North Indian,-,," 33, Moti Dungari, alwar(Rajasthan)"
"alwar hotel real taste Restaurant, Alwar Locality",https://www.zomato.com/alwar/alwar-hotel-the-real-taste-2-alwar-locality,150,"North Indian, Seafood",-,," Samola Circle Alwar,alwar Ward 31,Alwar (Rajasthan)-301001"
"modern superfast roll burger Restaurant, Alwar Locality",https://www.zomato.com/alwar/modern-superfast-roll-and-burger-alwar-locality,150,Fast Food,3.5,4," Gayatri Mandir Road, Karoli Kund, Alwar, Alwar Locality, Alwar"
"13 choubara Restaurant, Alwar Locality",https://www.zomato.com/alwar/13-choubara-alwar-locality,100,Fast Food,3.4,4," Ward no 27 Kala kua housing board, near satelite hospital, alwa r, Alwar Locality, Alwar"
"new vedio game patties cafe Restaurant, Alwar Locality",https://www.zomato.com/alwar/new-vedio-game-and-patties-cafe-alwar-locality,100,Bakery,3.7,4," Shop 19, Shopping centre kala kua, near dr.subodh agarwal, alwar, Alwar Locality, Alwar"
"kwality fast food Restaurant, Alwar Locality",https://www.zomato.com/kwality-fast-food-food-truck,150,Fast Food,3.6,4," Kwality Fast food Near RR circle, Alwar Locality, Alwar"
"prithvi tiffen center Restaurant, Alwar Locality",https://www.zomato.com/alwar/prithvi-tiffen-center-alwar-locality,100,North Indian,-,," E-8, Patel nagar, manna ka road alwar, Alwar Locality, Alwar"
"shiva bakery Restaurant, Alwar Locality",https://www.zomato.com/alwar/shiva-bakery-alwar-locality,300,Bakery,-,," Jail circle, Vijay Mandir Road, Nr. Nexa Showroom, Alwar, Alwar Locality, Alwar"
"chopra fast food m van Restaurant, Alwar Locality",https://www.zomato.com/alwar/chopra-fast-food-m-van-alwar-locality,100,Fast Food,-,," Nehru Garden Road Alwar, Alwar Locality, Alwar"
"jodhpur misthan bhandar Restaurant, Alwar Locality",https://www.zomato.com/alwar/jodhpur-misthan-bhandar-1-alwar-locality,200,Desserts,3.5,3," Near nagali circle, alwar"
"dhawan chicken center Restaurant, Alwar Locality",https://www.zomato.com/alwar/dhawan-chicken-center-alwar-locality,200,"Roast Chicken, Indian",-,," Aerodrome Road, Daudpur, Alwar, Rajasthan 301001"
"inderlok dlite Restaurant, Alwar Locality",https://www.zomato.com/alwar/inderlok-dlite-alwar-locality,500,"South Indian, North Indian, Fast Food, Continental, Chinese",-,," Opp. Cross Point Mall, Nr Jail Circle, Alwar, Alwar Locality, Alwar"
"quality bakery Restaurant, Alwar Locality",https://www.zomato.com/alwar/quality-bakery-alwar-locality,100,Bakery,-,," Sch No 2 alwar, alwar Ward 34, alwar"
"hotel atlantic Restaurant, Alwar Locality",https://www.zomato.com/alwar/hotel-atlantic-alwar-locality,250,North Indian,3.7,2," 1, Manu Marg, Nr. PNB, Alwar, Alwar Locality, Alwar"
"new tourist hotel bar restaurant Restaurant, Alwar Locality",https://www.zomato.com/alwar/new-tourist-hotel-bar-restaurant-alwar-locality,400,"Mughlai, Indian",3.3,2," Manu Marg Alwar, Alwar Locality, Alwar"
"hotel natraj Restaurant, Alwar Locality",https://www.zomato.com/alwar/hotel-natraj-1-alwar-locality,300,"North Indian, Mughlai",3.7,2," 52, Aerodrome Road, Railway Station, Alwar, Alwar Locality, Alwar"
"maggi point Restaurant, Alwar Locality",https://www.zomato.com/alwar/maggi-point-alwar-locality,150,Fast Food,3.5,2," Shop No.59, Shiv Complex, Jail Circle, Alwar, Alwar Locality, Alwar"
"nikka egg center Restaurant, Alwar Locality",https://www.zomato.com/alwar/nikka-egg-center-1-alwar-locality,150,"Fast Food, North Indian",-,," Station Road, Alwar, Alwar Locality, Alwar"
"namashtey foodies Restaurant, Alwar Locality",https://www.zomato.com/alwar/namashtey-foodies-alwar-locality,150,North Indian,-,," Mangal Vihar Moti Doongri, Alwar, Rajasthan"
"tiffinwalas Restaurant, Alwar Locality",https://www.zomato.com/alwar/tiffinwalas-alwar-locality,,"North Indian, Rajasthani",-,," Ranjeet Nagar, Daudpur, Alwar, Rajasthan 301001"
"shri shyam fast food 2 Restaurant, Alwar Locality",https://www.zomato.com/alwar/shri-shyam-fast-food-2-alwar-locality,100,Fast Food,-,," 187, Adarsh Colony Daudpur, Alwar, Alwar (Rajasthan), - 301001, Alwar Locality, Alwar"
"dhanna non vege sunny egg center Restaurant, Alwar Locality",https://www.zomato.com/alwar/dhanna-non-vege-and-sunny-egg-center-alwar-locality,200,"North Indian, Afghan",3.4,1," Aerodrum Road Alwar, Alwar ward 44, alwar, Alwar Locality, Alwar"
"jodhpur sweet home Restaurant, Alwar Locality",https://www.zomato.com/alwar/jodhpur-sweet-home-6-alwar-locality,250,Mithai,-,," shop No 1 jai complex road no 2, Alwar Locality, Alwar"
"inderlok coffee world cafe Restaurant, Alwar Locality",https://www.zomato.com/alwar/inderlok-coffee-world-cafe-alwar-locality,100,"Bakery, Beverages, Burger, Cafe, Coffee, Desserts, Ice Cream, Pizza",3.2,1," UG 10, Wonder Mall, Company Bagh Road, Alwar., Alwar Locality, Alwar"
"agarwal juice center Restaurant, Alwar Locality",https://www.zomato.com/alwar/agarwal-juice-center-alwar-locality,400,Juices,-,," plot no 49 Shivaji park tempo stand, Alwar Locality, Alwar"
"m king pizza Restaurant, Alwar Locality",https://www.zomato.com/alwar/m-king-pizza-alwar-locality,300,Pizza,-,," B-F01, 1st floor, Capital Galleria Mall, Manu Marg, Alwar, Alwar Locality, Alwar"
"dhanna chicken centre Restaurant, Alwar Locality",https://www.zomato.com/alwar/dhanna-chicken-centre-alwar-locality,100,,-,," Daudpur Phatak, Alwar, Alwar Locality, Alwar"
"sanskriti fast food ice cream parlour Restaurant, Alwar Locality",https://www.zomato.com/alwar/sanskriti-fast-food-and-ice-cream-parlour-alwar-locality,200,Fast Food,-,," Shop No. 20/21, Shopping Center, Kala Kuan, Housing Board, AL, Alwar Ward 27, Alwar (Rajasthan), Alwar Locality, Alwar"
"welcome burger street Restaurant, Alwar Locality",https://www.zomato.com/alwar/the-welcome-burger-street-alwar-locality,100,Fast Food,3.4,2," Gyatri Mandir Road Karoli Kind, Alwar, Alwar Locality, Alwar"
"sharma restaurant Restaurant, Alwar Locality",https://www.zomato.com/alwar/sharma-restaurant-1-alwar-locality,500,Fast Food,-,," Near RR College Circle Alwar, Alwar Ward 36, Alwar (Rajasthan), - 301001, Alwar Locality, Alwar"
"cafe connect Restaurant, Alwar Locality",https://www.zomato.com/alwar/cafe-connect-alwar-locality,150,"Chinese, Mughlai, South Indian",-,," 41, Shiv Complex Near Crosspoint Mall, Alwar, Alwar Locality, Alwar"
"kanhaiya sweets alwar Restaurant, Alwar Locality",https://www.zomato.com/alwar/kanhaiya-sweets-alwar-alwar-locality,120,Desserts,3.6,3," Tijara Road, in front of, petrol pump, alwar, Alwar Locality, Alwar"
"bhagat ji chole wale Restaurant, Alwar Locality",https://www.zomato.com/alwar/bhagat-ji-chole-wale-alwar-locality,200,Fast Food,-,," Kashiram Choraha alwar, alwar ward 16, alwar(Rajasthan), Alwar Locality, Alwar"
"jaidurga bhojanayal Restaurant, Alwar Locality",https://www.zomato.com/alwar/jaidurga-bhojanayal-alwar-locality,,North Indian,3.5,2," Narendra Kumar Saini S/O Tanyalal Saini, Bhagat Singh Choraya, Alwar, Alwar Ward 37, Alwar (Rajasthan)., Alwar Locality, Alwar"
"maayra green leaf Restaurant, Alwar Locality",https://www.zomato.com/alwar/maayra-green-leaf-alwar-locality,,South Indian,-,," 13 Tej Mandi station Road opposite to Gaushala Alwar, Alwar Locality, Alwar"
"hookcook Restaurant, Alwar Locality",https://www.zomato.com/alwar/hook-cook-alwar-locality,150,,-,," Alwar - 301001, Opposite Apna Ghar Shalimar, Alwar Locality, Alwar"
"baba thakur das sons Restaurant, Alwar Locality",https://www.zomato.com/alwar/baba-thakur-das-sons-alwar-locality,200,Desserts,-,," Kalakand Market, Hope Circus, Alwar, Alwar Locality, Alwar"
"grand plaza Restaurant, Alwar Locality",https://www.zomato.com/alwar/the-grand-plaza-alwar-locality,400,Bakery,3.5,3," Nr. Church, Church Road, Alwar, Alwar Locality, Alwar"
"hotel alwar inn Restaurant, Alwar Locality",https://www.zomato.com/alwar/hotel-alwar-inn-alwar-locality,200,"North Indian, Chinese, Fast Food, Desserts",3.5,1," Opp. Saras Parlour, Bhawani Top Circle, Alwar, Alwar Locality, Alwar"
"priya mishthan bhandar Restaurant, Alwar Locality",https://www.zomato.com/alwar/priya-mishthan-bhandar-alwar-locality,200,Mithai,3.5,1," Mala Khera Bazar, Ashoka Cinema, opp dhanna ram samose wale, alwar, Alwar Locality, Alwar"
"chaat adda Restaurant, Alwar Locality",https://www.zomato.com/alwar/chaat-adda-alwar-locality,100,Fast Food,NEW,," Shop No.4 Ganpati Tower, near Nagli Circle, Alwar Locality, Alwar"
"inderlok dlite Restaurant, Alwar Locality",https://www.zomato.com/alwar/inderlok-dlite-1-alwar-locality,150,"North Indian, Chinese",3.6,1," mid point, opportunity, cross point Mall, near jail circle, alwar, Alwar Locality, Alwar"
"kolkata roll point Restaurant, Alwar Locality",https://www.zomato.com/alwar/kolkata-roll-point-alwar-locality,200,"Chinese, Fast Food",3.7,1," Nehru Garden Road Alwar, Alwar Locality, Alwar"
"singh corner Restaurant, Alwar Locality",https://www.zomato.com/alwar/singh-corner-alwar-locality,200,"Chinese, Fast Food, Finger Food, Mughlai, North Indian, Roast Chicken, Rolls, Street Food",3.3,1," Cross Point Mall, Opp. Pizza Hut, Near Jain Circle, Alwar, Alwar (Rajasthan), - 301001, Alwar Locality, Alwar"
"kwality walls Restaurant, Alwar Locality",https://www.zomato.com/alwar/kwality-walls-alwar-locality,150,Ice Cream,-,," shop no.1, nangli circle, Alwar, Alwar Locality, Alwar"
"hotel mehandi bagh palace Restaurant, Alwar Locality",https://www.zomato.com/alwar/hotel-mehandi-bagh-palace-alwar-locality,250,North Indian,3.3,0," 33/34,near to police line bagar ka bass ,alwar,Alwar Rajasthan-301001"
"interlok dlite Restaurant, Alwar Locality",https://www.zomato.com/alwar/interlok-dlite-alwar-locality,,,-,," Alwar - 301001, Jail Circle, Opposite Crosspoint Mall, Alwar Locality, Alwar"
"jinansh juice shakes Restaurant, Alwar Locality",https://www.zomato.com/alwar/jinansh-juice-and-shakes-alwar-locality,,"Juices, Beverages",3.4,1," 5-224, kala kuan, Alwar Locality, Alwar"
"rohitas colddrink Restaurant, Alwar Locality",https://www.zomato.com/alwar/rohitas-colddrink-alwar-locality,,,-,," New Bus Stand, Tijara, Alwar - 301411, Alwar Locality, Alwar"
"rajasthani pavitra bhojnalaya Restaurant, Alwar Locality",https://www.zomato.com/alwar/rajasthani-pavitra-bhojnalaya-alwar-locality,,North Indian,-,," NH 2, Alwar - 301001, Bhagat Singh Circle, Sector 7 Near UIT, Alwar Locality, Alwar"
"baba hotel Restaurant, Alwar Locality",https://www.zomato.com/alwar/baba-hotel-alwar-locality,200,North Indian,-,," Ghantaghar, Alwar, Alwar Locality, Alwar"
"grand plaza Restaurant, Alwar Locality",https://www.zomato.com/alwar/the-grand-plaza-1-alwar-locality,400,"BBQ, Chinese, Continental, Fast Food, Hyderabadi, Indian, Afghan",-,," Opposite PNB Bank, Manu Marg, Alwar, Alwar Locality, Alwar"
"alwariya Restaurant, Alwar Locality",https://www.zomato.com/alwar/alwariya-alwar-locality,200,,-,," House No 32 kothi ganga niwas RR college circle alwar,alwar,alwar ward 34,alwar(rajasthan),301001"
"punjabi chicken center Restaurant, Alwar Locality",https://www.zomato.com/alwar/punjabi-chicken-center-alwar-locality,100,"BBQ, Afghan",3.2,0," Punjabi Chicken Center, dusshera medaan, jail circle, alwar, Alwar Locality, Alwar"
"doodh misthan bhandar Restaurant, Alwar Locality",https://www.zomato.com/alwar/doodh-misthan-bhandar-alwar-locality,200,Mithai,3.4,1," Maa Bhagwati Tower A-8C,Ashok Vihar,Tijara Road,Alwar"
"chilli peppers Restaurant, Alwar Locality",https://www.zomato.com/alwar/chilli-peppers-alwar-locality,250,"Chinese, North Indian",-,," Hasan Khan, Petrol Pump, Attached Khanid Bhawan, Behror Road, Alwar, Alwar Locality, Alwar"
"mymithaiin Restaurant, Alwar Locality",https://www.zomato.com/alwar/mymithai-in-2-alwar-locality,250,Fast Food,-,," C-53, Hasan Khan, Mewat Nagar, Near Navdisha Behind Scottish School, Alwar Locality, Alwar"
"rahul food corner canteen Restaurant, Alwar Locality",https://www.zomato.com/alwar/rahul-food-corner-and-canteen-alwar-locality,100,North Indian,-,," Kamla Nursing Home 21 Manu Marg Alwar, Alwar Locality, Alwar"
"sharma restaurant Restaurant, Alwar Locality",https://www.zomato.com/alwar/sharma-restaurant-alwar-locality,100,,-,," Near RR College Circle, Alwar Ward 36, Alwar (Rajasthan) - 301001."
"thali wala unit raj tadka  Restaurant, Alwar Locality",https://www.zomato.com/alwar/thali-wala-a-unit-of-raj-tadka-alwar-locality,200,North Indian,3.2,0," Opposite Hanuman Mandir Mehandi Bagh Gayatri Mandir Road, Alwar"
"samosa wala Restaurant, Alwar Locality",https://www.zomato.com/alwar/samosa-wala-alwar-locality,150,Fast Food,Opening,Soon," Shop 9, Kamal Market, Opposite to Zenesis Mall, Bhiwadi, Alwar Locality, Alwar"
"eat meet kitchen Restaurant, Alwar Locality",https://www.zomato.com/alwar/eat-meet-kitchen-alwar-locality,100,"Fast Food, Chinese, Rolls, Beverages",-,," Naya Bas circle, Moti Doongri Road, alwar, Alwar Locality, Alwar"
"singh saab hotel Restaurant, Alwar Locality",https://www.zomato.com/alwar/singh-saab-hotel-alwar-locality,200,Afghani,-,," 200 foot, near Naman hotel, opp rudraksha, alwar, Alwar Locality, Alwar"
"kachori house Restaurant, Alwar Locality",https://www.zomato.com/alwar/kachori-house-alwar-locality,100,Fast Food,-,," Near oswal school agrasen Marg Alwar, alwar, Alwar Locality, Alwar"
"gupta brekars ice parlar Restaurant, Alwar Locality",https://www.zomato.com/alwar/gupta-brekars-and-ice-parlar-alwar-locality,200,Bakery,-,," Malakhera Bazar, Alwar, Alwar Ward 15, Alwar (Rajasthan) - 301001"
"fruit box Restaurant, Alwar Locality",https://www.zomato.com/alwar/fruit-box-alwar-locality,200,"Fast Food, Salad",-,," D 594 Budh Vihar Mandir ke pass, Alwar, Alwar Locality, Alwar"
"mirchi masala dhaba  Restaurant, Alwar Locality",https://www.zomato.com/alwar/mirchi-masala-dhaba-alwar-locality,150,North Indian,NEW,," 316, Ganga Bhawan Bus Stand, Alwar 301001, Alwar Locality, Alwar"
"sweet little plaza Restaurant, Alwar Locality",https://www.zomato.com/alwar/sweet-and-little-plaza-alwar-locality,150,Fast Food,-,," 1/137, kala kuan, housing board, alwar, Alwar Locality, Alwar"
"kolkata ke mashoor Restaurant, Alwar Locality",https://www.zomato.com/alwar/kolkata-ke-mashoor-alwar-locality,200,Fast Food,-,," katla, near anaj mandi alwar, Alwar Locality, Alwar"
"gopal singh Restaurant, Alwar Locality",https://www.zomato.com/alwar/gopal-singh-alwar-locality,200,North Indian,-,," Kashiram Ka Chauraya Alwar Rajasthan, Alwar Locality, Alwar"
"dhanna chicken center Restaurant, Alwar Locality",https://www.zomato.com/alwar/dhanna-chicken-center-alwar-locality,200,"BBQ, Afghan",-,," Aerodrum road, near daudpur fatak, scheme 2, Alwar, Alwar Locality, Alwar"
"nikka egg shop Restaurant, Alwar Locality",https://www.zomato.com/alwar/nikka-egg-shop-alwar-locality,200,"Fast Food, North Indian",-,," Near Station Exit Gate, Alwar Station, Alwar, Alwar Locality, Alwar"
"scoopers Restaurant, Alwar Locality",https://www.zomato.com/alwar/scoopers-2-alwar-locality,100,Ice Cream,-,," Shop No.5, 6 City Centre Nangli Circle, Alwar, Alwar Locality, Alwar"
"bhardwaj sweets Restaurant, Alwar Locality",https://www.zomato.com/alwar/bhardwaj-sweets-alwar-locality,250,Mithai,-,," Kali Mori, near railway station, Alwar Locality, Alwar"
"saini pavitra bhojnalaya Restaurant, Alwar Locality",https://www.zomato.com/alwar/saini-pavitra-bhojnalaya-alwar-locality,150,,-,," Railway Station, Alwar, Alwarr, Alwar - 301001, Alwar Locality, Alwar"
"mamas bakers Restaurant, Alwar Locality",https://www.zomato.com/alwar/mamas-bakers-alwar-locality,150,Bakery,-,," Malviya Nagar, near saras dairy alwar, Alwar Locality, Alwar"
"smakers lounge Restaurant, Alwar Locality",https://www.zomato.com/alwar/smakers-lounge-alwar-locality,100,"South Indian, North Indian, Fast Food, Chinese",-,," Karamchari Colony, Tijara Fatak Rd., SBI Bank Basement, Alwar, Alwar Locality, Alwar"
"pub g fast food Restaurant, Alwar Locality",https://www.zomato.com/alwar/pub-g-fast-food-alwar-locality,,"Fast Food, Pizza",-,," Kati Ghati, Alwar, Rajasthan., Alwar Locality, Alwar"
"chinese food corner Restaurant, Alwar Locality",https://www.zomato.com/alwar/chinese-food-corner-alwar-locality,,Chinese,-,," Cross Point Mall, Alwar, Alwar Locality, Alwar"
"m s egg enterprices Restaurant, Alwar Locality",https://www.zomato.com/alwar/m-s-egg-enterprices-alwar-locality,,Street Food,-,," 32, Mehtab Singh Ka Nohra, Near Ambuja Cement, Alwar"
"k2 fitness kitchen Restaurant, Alwar Locality",https://www.zomato.com/alwar/k2-fitness-kitchen-alwar-locality,300,Healthy Food,-,," 2nd Floor, Jayanti Mall, Nangli Circle, Alwar, Alwar Locality, Alwar"
"kanwat food catering services Restaurant, Alwar Locality",https://www.zomato.com/alwar/kanwat-food-and-catering-services-alwar-locality,150,North Indian,-,," Arts college road Ashok vihar infront of Kalyan hospital, alwar, Alwar Locality, Alwar"
"babu lal chat bhandaar Restaurant, Alwar Locality",https://www.zomato.com/alwar/babu-lal-chat-bhandaar-alwar-locality,350,,-,," Roopbas, Alwar - 301001, Alwar Locality, Alwar"
"old delhi jayka foods Restaurant, Alwar Locality",https://www.zomato.com/alwar/old-delhi-jayka-foods-alwar-locality,300,Fast Food,-,," Hanuman Chouraha, Rajgarh Road, alwar, Alwar Locality, Alwar"
"hot bite unit hotel alwar inn  Restaurant, Alwar Locality",https://www.zomato.com/alwar/hot-bite-a-unit-of-hotel-alwar-inn-alwar-locality,150,"Afghani, BBQ, Kebab",3.2,0," Opp, Saras parlour, bhawani Top circle, alwar, Alwar Locality, Alwar"
"theme forest Restaurant, Alwar Locality",https://www.zomato.com/alwar/the-theme-forest-alwar-locality,,,-,," Behror Road, Alwar - 301001, Opposite Pnb Bank, Alwar Locality, Alwar"
"lavi food center Restaurant, Alwar Locality",https://www.zomato.com/alwar/lavi-food-center-alwar-locality,,,-,," Kabir Colony, Alwar - 301001, Alwar Locality, Alwar"
"rishabh jain restaurant Restaurant, Alwar Locality",https://www.zomato.com/alwar/rishabh-jain-restaurant-alwar-locality,,,-,," Tijara, Alwar, Dehli Road, Tijara, Alwar - 301411, Alwar Locality, Alwar"
"prakash pavitra bhojanalaya Restaurant, Alwar Locality",https://www.zomato.com/alwar/prakash-pavitra-bhojanalaya-alwar-locality,,,-,," Near Railway Station, Kherli, Alwar - 321606, Alwar Locality, Alwar"
"chicken from kitchen Restaurant, Alwar Locality",https://www.zomato.com/alwar/chicken-from-kitchen-alwar-locality,,,-,," 26-A, Rajinder Nagar, Scheme No. 4, Nr. BSNL Tower, Alwar, Alwar Locality, Alwar"
"kaushik misthan bhander Restaurant, Alwar Locality",https://www.zomato.com/alwar/kaushik-misthan-bhander-alwar-locality,,Mithai,-,," Main Market Daudpur Fatak, Near Railway Crossing Alwar Locality, Alwar"
"lazeez food Restaurant, Alwar Locality",https://www.zomato.com/alwar/lazeez-food-alwar-locality,,North Indian,NEW,," 5 ka 375 Shivaji park alwar, alwar ward 49, alwar (Rajasthan), Alwar Locality, Alwar"
"south street Restaurant, Alwar Locality",https://www.zomato.com/alwar/south-street-1-alwar-locality,,Fast Food,NEW,," Jubli Bass Scheme no 2 near ford service center, alwar ward 37, alwar(Rajasthan)-301001, Alwar Locality, Alwar"
"meet eat restaurants cafe Restaurant, Alwar Locality",https://www.zomato.com/alwar/meet-eat-restaurants-and-cafe-alwar-locality,,,-,," Shop 17 Shiv Complex, Shri Balaji Palaza, Alwar - 301001, Behind CP Mall, Jail Circle, Alwar Locality, Alwar"
"royal treat Restaurant, Alwar Locality",https://www.zomato.com/alwar/royal-treat-alwar-locality,,,-,," Yeas Twr, Rd No-2, Alwar - 301001, Scheme-2, Alwar Locality, Alwar"
"nukkad restaurant Restaurant, Alwar Locality",https://www.zomato.com/alwar/nukkad-restaurant-alwar-locality,,,-,," Alwar - 301001, Alwar Locality, Alwar"
"refresh food plaza Restaurant, Alwar Locality",https://www.zomato.com/alwar/refresh-food-plaza-alwar-locality,,,-,," Unnamed Road, Umren, Alwar - 301001, Alwar Locality, Alwar"
"goyal restaurant Restaurant, Alwar Locality",https://www.zomato.com/alwar/goyal-restaurant-alwar-locality,,,-,," No. 2, Sector 7, Road, Alwar - 301001, Alwar Locality, Alwar"
"shetty restaurant Restaurant, Alwar Locality",https://www.zomato.com/alwar/shetty-restaurant-alwar-locality,,,-,," F-11, Bus Stand Road, Alwar - 301001, Near Bus Stand, Alwar Locality, Alwar"
"gupta jheel restaurant Restaurant, Alwar Locality",https://www.zomato.com/alwar/gupta-jheel-restaurant-alwar-locality,,,-,," Siliserh, Alwar - 301001, Near Lake Palace Hotel, Alwar Locality, Alwar"
"narulas restaurant banquets Restaurant, Alwar Locality",https://www.zomato.com/alwar/narulas-the-restaurant-banquets-alwar-locality,,,-,," Road Number 2, Alwar - 301001, Infront Of JAI Complex, Alwar Locality, Alwar"
"sharma juice restaurant Restaurant, Alwar Locality",https://www.zomato.com/alwar/sharma-juice-restaurant-alwar-locality,,,-,," Near Gol Market, Rajgarh, District- Alwar, Rajgarh, Alwar - 301408, Alwar Locality, Alwar"
"shiv pavitra bhojnalaya restaurant Restaurant, Alwar Locality",https://www.zomato.com/alwar/shiv-pavitra-bhojnalaya-restaurant-alwar-locality,,,-,," N/a, Malakhera Bye Pas, Rajgarh Road, Malakhera, Alwar - 301406, Near Hp Petrol Pump Jaipur Alwar Highway, Alwar Locality, Alwar"
"jhilmil restaurant Restaurant, Alwar Locality",https://www.zomato.com/alwar/jhilmil-restaurant-1-alwar-locality,,,-,," Mega Highway Rajgarh Road, Sohanpur, Alwar, Alwarr, Alwar - 301001, Alwar Locality, Alwar"
"hottel aditya ac rooms restaurant baar Restaurant, Alwar Locality",https://www.zomato.com/alwar/hottel-aditya-ac-rooms-restaurant-and-baar-alwar-locality,,,-,," Alkapuri, Alwar - 301001, Alwar Locality, Alwar"
"sahu restaurant juice center Restaurant, Alwar Locality",https://www.zomato.com/alwar/sahu-restaurant-and-juice-center-alwar-locality,,,-,," 200 feet road, Alwar - 301001, Near Naman hotel, Alwar Locality, Alwar"
"goyal restaurant Restaurant, Alwar Locality",https://www.zomato.com/alwar/goyal-restaurant-1-alwar-locality,,,-,," road no.2, Alwar - 301001, near Gandhi market, Alwar Locality, Alwar"
"shyam juice center restaurant Restaurant, Alwar Locality",https://www.zomato.com/alwar/shyam-juice-center-restaurant-alwar-locality,,,-,," Manu Marg, Housing Board, ALWAR - 301001, Alwar Locality, Alwar"
"shiv pavitra bhojanalaya Restaurant, Alwar Locality",https://www.zomato.com/alwar/shiv-pavitra-bhojanalaya-alwar-locality,,,-,," Rathkhana, Alwar - 301001, Alwar Locality, Alwar"
"shree nathji caterers Restaurant, Alwar Locality",https://www.zomato.com/alwar/shree-nathji-caterers-alwar-locality,,,-,," Shiv Tent House, Gayatri Mandir Road, Bus Stand, Alwar - 301001, Near Hanuman Ji Ka Mandir, Alwar Locality, Alwar"
"ravi jain restaurant Restaurant, Alwar Locality",https://www.zomato.com/alwar/ravi-jain-restaurant-alwar-locality,500,,-,," Tijara, Alwar, Dehli Road, Tijara, Alwar - 301411, Alwar Locality, Alwar"
"hotel maharaja palace Restaurant, Alwar Locality",https://www.zomato.com/alwar/hotel-maharaja-palace-alwar-locality,100,,-,," Station Road Alwar, Alwar Locality, Alwar"
"anpurna Restaurant, Alwar Locality",https://www.zomato.com/alwar/anpurna-alwar-locality,500,,-,," 64/374, Alwar Bye Pass Road, Bhiwari Industrial Area, Alwa, Alwar - 301001, Near Ashiyana Garden, Alwar Locality, Alwar"
"khana khazana tiffin corner Restaurant, Alwar Locality",https://www.zomato.com/alwar/khana-khazana-tiffin-corner-alwar-locality,400,,-,," 27, Vikas Path, Alwar - 301001, Alwar Locality, Alwar"
"theme restaurant Restaurant, Alwar Locality",https://www.zomato.com/alwar/the-theme-restaurant-alwar-locality,150,,-,," Shivaji Park, Alwar - 301001, Near Jail Circle, Alwar Locality, Alwar"
"santosh misthan bhandar Restaurant, Alwar Locality",https://www.zomato.com/alwar/santosh-misthan-bhandar-alwar-locality,,,-,," N.E.B., Jyoti Nagar, Alwar - 301001, Alwar Locality, Alwar"
"aman fast foods restaurants Restaurant, Alwar Locality",https://www.zomato.com/alwar/aman-fast-foods-and-restaurants-alwar-locality,,,-,," Tijara Road, Alwar - 301001, Near Orchid Garden, Alwar Locality, Alwar"
"shree krishna hotel Restaurant, Alwar Locality",https://www.zomato.com/alwar/shree-krishna-hotel-1-alwar-locality,,,-,," Alwar, Alwar Tijara Biwadi Rod Nagal Hera Post Kithur Dist, Bhajera, Alwar - 301028, Alwar Locality, Alwar"
"lokesh jain restaurant Restaurant, Alwar Locality",https://www.zomato.com/alwar/lokesh-jain-restaurant-alwar-locality,,,-,," Tijara, Alwar, Dehli Road, Tijara, Alwar - 301411, Jain Mandir K Samne, Alwar Locality, Alwar"
"anmol ice cream parlour Restaurant, Alwar Locality",https://www.zomato.com/alwar/anmol-ice-cream-parlour-alwar-locality,,,-,," Near Meat Market, Alwar - 301001, Behind Ashoka Talkies, Alwar Locality, Alwar"
"shri shyam family restauranthotel Restaurant, Alwar Locality",https://www.zomato.com/alwar/shri-shyam-family-restaurant-hotel-alwar-locality,,,-,," Alwar Road, Thanagazi, Alwar - 301022, Behind -ramanand B.ed College, Alwar Locality, Alwar"
"arjun store Restaurant, Alwar Locality",https://www.zomato.com/alwar/arjun-store-alwar-locality,,Ice Cream,-,," Shop no.7, city center, nangli circle, alwar, Alwar Locality, Alwar"
"hotel dolsee Restaurant, Alwar Locality",https://www.zomato.com/alwar/hotel-dolsee-alwar-locality,,"North Indian, Fast Food, Continental",-,," Road 2 Behind HDFC Bank Matsaya Industrial Area Alwar Locality, Alwar"
"hotel maharaja palace Restaurant, Alwar Locality",https://www.zomato.com/alwar/hotel-maharaja-palace-1-alwar-locality,,North Indian,-,," Near Railway station, Kali Mori Road, Alwar, Alwar Locality, Alwar"
"bombay ki mysore Restaurant, Alwar Locality",https://www.zomato.com/alwar/bombay-ki-mysore-alwar-locality,,Fast Food,-,," RR circle, Alwar Locality, Alwar"
"narulas Restaurant, Alwar Locality",https://www.zomato.com/alwar/narulas-alwar-locality,300,"Chinese, Continental, Indian, Mughlai",-,," narula's the restaurant, Jai complex road no 2 near mobile store, alwar, Alwar Locality, Alwar"
"shree shyam sweet corner Restaurant, Alwar Locality",https://www.zomato.com/alwar/shree-shyam-sweet-corner-alwar-locality,200,Mithai,-,," Tijara road, shiv colony opp orchid garden, alwar, Alwar Locality, Alwar"
"star chop shop Restaurant, Alwar Locality",https://www.zomato.com/alwar/star-chop-shop-alwar-locality,200,Fast Food,-,," RR circle, near nehru garden, alwar, Alwar Locality, Alwar"
"cafe toons Restaurant, Alwar Locality",https://www.zomato.com/alwar/cafe-toons-alwar-locality,400,Indian,-,," Plot No.40, Yash Tower, Scheme 2, Bhagat Singh Circle, Alwar, Alwar Locality, Alwar"
"pappers restaurant  Restaurant, Alwar Locality",https://www.zomato.com/alwar/pappers-restaurant-alwar-locality,250,North Indian,-,," Kati Ghati Jaipur Road Alwar, Alwar (Rajasthan) - 301001, Alwar Locality, Alwar"
"raj hotel Restaurant, Alwar Locality",https://www.zomato.com/alwar/raj-hotel-alwar-locality,150,"Mughlai, North Indian",-,," Areodrum Road Sardar Colony Alwar, Alwar Locality, Alwar"
"punjabi paratha Restaurant, Alwar Locality",https://www.zomato.com/alwar/punjabi-paratha-1-alwar-locality,200,North Indian,-,," Opp Dena bank bus stand road alwar, Alwar Locality, Alwar"
"gokul chand brijlal sweets Restaurant, Alwar Locality",https://www.zomato.com/alwar/gokul-chand-brijlal-sweets-alwar-locality,150,Indian,-,," Kalakand Market, Nr. Hop Circus, Alwar, Alwar Locality, Alwar"
"saith sawariya pavitra bhojanalya Restaurant, Alwar Locality",https://www.zomato.com/alwar/saith-sawariya-pavitra-bhojanalya-alwar-locality,300,North Indian,-,," lion circle, kala kua road, alwar, Alwar Locality, Alwar"
"ankur hotel Restaurant, Alwar Locality",https://www.zomato.com/alwar/ankur-hotel-alwar-locality,100,"Mughlai, North Indian",3.3,0," Manu Marg Alwar, alwar, Alwar Locality, Alwar"
"sara milk bar Restaurant, Alwar Locality",https://www.zomato.com/alwar/sara-milk-bar-alwar-locality,200,Fast Food,-,," Malviya Nagar, main gate Sara, alwar, Alwar Locality, Alwar"
"tirupati agencies Restaurant, Alwar Locality",https://www.zomato.com/alwar/tirupati-agencies-alwar-locality,100,Mithai,3.7,0," 00, Bhatiaryon ki gali, opp shiv mandir, alwar, Alwar Locality, Alwar"
"shree sweet corner restaurant Restaurant, Alwar Locality",https://www.zomato.com/alwar/shree-sweet-corner-and-restaurant-alwar-locality,100,Mithai,-,," Near Petrol pump, 200foot bypass, alwar, Alwar Locality, Alwar"
"shyam misthan bhandar Restaurant, Alwar Locality",https://www.zomato.com/alwar/shyam-misthan-bhandar-alwar-locality,200,Mithai,-,," 200feet road, near Naman hotel, Surya nagar mod, alwar, Alwar Locality, Alwar"
"shakti foods manufacture suppliers Restaurant, Alwar Locality",https://www.zomato.com/alwar/shakti-foods-manufacture-and-suppliers-alwar-locality,,"North Indian, Fast Food",-,," 200feet bypass, Surya nagar mod, alwar, Alwar Locality, Alwar"
"asha vada pav Restaurant, Alwar Locality",https://www.zomato.com/alwar/asha-vada-pav-alwar-locality,100,Fast Food,-,," 5/81, NEB Housing Board, Alwar Locality, Alwar"
"jodhpur sweet homes Restaurant, Alwar Locality",https://www.zomato.com/alwar/jodhpur-sweet-homes-alwar-locality,300,Mithai,-,," shop no. 1, Jai complex, road no. 2 alwar, Alwar Locality, Alwar"
"sunrise resort Restaurant, Alwar Locality",https://www.zomato.com/alwar/sunrise-resort-alwar-locality,150,"North Indian, Fast Food",-,," A Unit Of Prem Sagar Resort Pvt Ltd Kati Ghati Jaipur Road Alwar, Alwar (Rajasthan) - 301001, Alwar Locality, Alwar"
"guru kripa kitchen Restaurant, Alwar Locality",https://www.zomato.com/alwar/guru-kripa-kitchen-alwar-locality,250,North Indian,-,," Gulmohar-55, apna ghar Shalimar gate no 3, alwar, Alwar Locality, Alwar"
"ravi chopra Restaurant, Alwar Locality",https://www.zomato.com/alwar/ravi-chopra-alwar-locality,100,"North Indian, Mughlai",-,," Daudpur Fatak Drum Road, Alwar (Rajasthan), Alwar Locality, Alwar"
"grill chill Restaurant, Alwar Locality",https://www.zomato.com/alwar/grill-chill-alwar-locality,200,"Beverages, Cafe, Chinese, Coffee, Fast Food, Finger Food, North Indian, Rolls",-,," Shop - 12, G+2 Extension, Apnaghar Shalimar, Alwar, Alwar Locality, Alwar"
"jyoti fast food center Restaurant, Alwar Locality",https://www.zomato.com/alwar/jyoti-fast-food-center-alwar-locality,300,Fast Food,-,," R.R collage ke samne, nehru garden, alwar, alwar ward 18, alwar(Rajasthan-301001), Alwar Locality, Alwar"
"rc chaat bazar Restaurant, Alwar Locality",https://www.zomato.com/alwar/rc-chaat-bazar-alwar-locality,200,Fast Food,-,," Bhagat Singh Circle, Alwar 301001, Alwar Locality, Alwar"
"chopras fast food Restaurant, Alwar Locality",https://www.zomato.com/alwar/chopras-fast-food-1-alwar-locality,500,Fast Food,NEW,," Shop no 16, Scheme no 2, Alwar, Alwar Locality, Alwar"
"dabbawala Restaurant, Alwar Locality",https://www.zomato.com/alwar/dabbawala-alwar-locality,200,Indian,-,," Railway Station Road Near PWD building Alwar, Alwar Locality, Alwar"
"saini misthaan bhandar Restaurant, Alwar Locality",https://www.zomato.com/alwar/saini-misthaan-bhandar-alwar-locality,,Indian,-,," 200, Foot road, Near Ashok Builders, Alwar, Alwar Locality, Alwar"
"being veg restaurant Restaurant, Alwar Locality",https://www.zomato.com/alwar/being-veg-restaurant-alwar-locality,,Fast Food,Opening,Soon," Opposite Police Station, Near Court, Behror, Alwar Locality, Alwar"
"ann jal restaurant Restaurant, Alwar Locality",https://www.zomato.com/alwar/ann-jal-restaurant-alwar-locality,,North Indian,-,," Jhankar Hotel, Near Hanuman Circle, Alwar Locality, Alwar"
"guru kripa kitchen Restaurant, Alwar Locality",https://www.zomato.com/alwar/guru-kripa-kitchen-1-alwar-locality,,North Indian,-,," Gulmohar - 55, Apna Ghar Shalimar, Gate No. 3, Alwar (Rajasthan)., Alwar Locality, Alwar"
"cravebite Restaurant, Alwar Locality",https://www.zomato.com/alwar/cravebite-alwar-locality,,"North Indian, Fast Food",NEW,," Shop No.21, Near Kwality Bakery, Sch. No.2, Alwar, Alwar Locality, Alwar"
"banna ji hotel Restaurant, Alwar Locality",https://www.zomato.com/alwar/banna-ji-hotel-alwar-locality,400,"North Indian, Fast Food",-,," Behind stadium, near Pratap auditorium, alwar, Alwar Locality, Alwar"
"maan hotel restaurant Restaurant, Alwar Locality",https://www.zomato.com/alwar/maan-hotel-and-restaurant-5-alwar-locality,,North Indian,-,," 200 Foot Bypass Road, Ward 45, Alwar Locality, Alwar"
"chopras fast food Restaurant, Alwar Locality",https://www.zomato.com/alwar/chopras-fast-food-alwar-locality,,"Cafe, Chinese, Fast Food",NEW,," Shop No. 16, Scheme No. 2, Alwar, Alwar Locality, Alwar"
"bansuri wala pavitra bhojanalya Restaurant, Alwar Locality",https://www.zomato.com/alwar/bansuri-wala-pavitra-bhojanalya-alwar-locality,,North Indian,NEW,," Yadav Petrol Pump Ke samne purana Roop Bass road alwar, alwar ward 33, alwar(Rajasthan), Alwar Locality, Alwar"
